Blade,Ratchet,Bit,Win %,Wins,Losses,Partidas,Eficiencia,Pts Ganados/Combate,Pts Cedidos/Combate,Wilson Score
Hells Scythe,5-60,Disc Ball,100.0,4.0,0.0,4,161,1.5,0.0,0.5100999795960008
Sharke Edge,5-60,Cyclone,100.0,1.0,0.0,1,69,1.0,0.0,0.20654329147389294
Dran Buster,7-60,Rush,100.0,3.0,0.0,3,139,2.33,0.0,0.4384939195509822
Dran Buster,1-60,Accel,100.0,1.0,0.0,1,69,2.0,0.0,0.20654329147389294
Knight Mail,9-60,Rush,100.0,1.0,0.0,1,69,2.0,0.0,0.20654329147389294
Whale Wave,1-60,Level,100.0,1.0,0.0,1,69,1.0,0.0,0.20654329147389294
Tyranno Beat,4-60,Rush,100.0,1.0,0.0,1,69,2.0,0.0,0.20654329147389294
Wizard Rod,7-60,Free Ball,100.0,3.0,0.0,3,139,1.33,0.0,0.4384939195509822
Dran Buster,1-60,Level,100.0,1.0,0.0,1,69,1.0,0.0,0.20654329147389294
Impact Drake,1-60,Taper,100.0,2.0,0.0,2,110,2.5,0.0,0.3423719528896193
Samurai Saber,5-60,Ball,100.0,1.0,0.0,1,69,2.0,0.0,0.20654329147389294
Wizard Rod,9-60,Free Ball,100.0,4.0,0.0,4,161,1.75,0.0,0.5100999795960008
Unicorn Sting,1-60,Gear Ball,100.0,1.0,0.0,1,69,1.0,0.0,0.20654329147389294
Dran Dagger,3-60,Gear Flat,100.0,1.0,0.0,1,69,1.0,0.0,0.20654329147389294
Samurai Saber,9-60,Hexa,100.0,1.0,0.0,1,69,1.0,0.0,0.20654329147389294
Roar Tyranno,9-60,Flat,100.0,1.0,0.0,1,69,2.0,0.0,0.20654329147389294
Whale Wave,9-60,Taper,100.0,1.0,0.0,1,69,2.0,0.0,0.20654329147389294
Impact Drake,7-60,Rush,100.0,3.0,0.0,3,139,1.67,0.0,0.4384939195509822
Samurai Saber,9-60,Orb,100.0,2.0,0.0,2,110,2.5,0.0,0.3423719528896193
Impact Drake,1-60,Under Needle,100.0,1.0,0.0,1,69,2.0,0.0,0.20654329147389294
Cobalt Dragoon,4-80,Elevate,100.0,4.0,0.0,4,161,1.25,0.0,0.5100999795960008
Shelter Drake,7-60,Level,100.0,1.0,0.0,1,69,3.0,0.0,0.20654329147389294
Knight Mail,3-60,Unite,100.0,2.0,0.0,2,110,1.0,0.0,0.3423719528896193
Shelter Drake,7-60,Taper,100.0,1.0,0.0,1,69,2.0,0.0,0.20654329147389294
Perseus Dark Bumper,9-60,Hexa,100.0,1.0,0.0,1,69,3.0,0.0,0.20654329147389294
Phoenix Wing,6-60,Rush,100.0,1.0,0.0,1,69,3.0,0.0,0.20654329147389294
Cobalt Dragoon,5-60,Level,100.0,2.0,0.0,2,110,1.0,0.0,0.3423719528896193
Shinobi Shadow,9-70,Hexa,100.0,4.0,0.0,4,161,2.25,0.0,0.5100999795960008
Lightning L-Drago Assault,7-60,Level,100.0,1.0,0.0,1,69,1.0,0.0,0.20654329147389294
Golem Rock,6-60,Rush,100.0,1.0,0.0,1,69,1.0,0.0,0.20654329147389294
Golem Rock,1-60,Wedge,100.0,1.0,0.0,1,69,1.0,0.0,0.20654329147389294
Silver Wolf,6-80,Hexa,100.0,2.0,0.0,2,110,1.0,0.0,0.3423719528896193
Golem Rock,1-60,Low Orb,100.0,1.0,0.0,1,69,1.0,0.0,0.20654329147389294
Golem Rock,3-60,Free Ball,100.0,8.0,0.0,8,220,1.38,0.0,0.6755843804891231
Scorpio Spear,3-60,Free Ball,100.0,1.0,0.0,1,69,2.0,0.0,0.20654329147389294
Whale Wave,1-60,Low Rush,100.0,2.0,0.0,2,110,2.5,0.0,0.3423719528896193
Sharke Edge,3-60,Low Flat,100.0,1.0,0.0,1,69,1.0,0.0,0.20654329147389294
Cobalt Dragoon,5-60,Gear Rush,100.0,1.0,0.0,1,69,2.0,0.0,0.20654329147389294
Hover Wyvern,9-60,Kick,100.0,3.0,0.0,3,22,1.33,0.0,0.4384939195509822
Wizard Rod,9-60,Under Needle,100.0,8.0,0.0,8,220,1.0,0.0,0.6755843804891231
Pegasus Blast Free,9-60,Level,100.0,7.0,0.0,7,208,1.14,0.0,0.6456611570247934
Phoenix Wing,1-60,Hexa,100.0,6.0,0.0,6,195,1.83,0.0,0.6096569663469354
Wizard Rod,9-60,Low Orb,93.8,15.0,1.0,16,92,1.07,2.0,0.7167073163197013
Pegasus Blast Wheel,9-60,Free Ball,92.9,13.0,1.0,14,92,1.15,2.0,0.6853073044604219
Silver Wolf,9-70,Free Ball,91.7,11.0,1.0,12,95,1.36,2.0,0.6461140782014047
Aero Pegasus,1-60,Point,90.9,10.0,1.0,11,142,1.7,1.0,0.6226353745137962
Shark Scale,1-70,Free Ball,88.9,8.0,1.0,9,130,1.75,1.0,0.5649937852319398
Phoenix Wing,3-60,Orb,87.5,7.0,1.0,8,70,1.14,2.0,0.5291051942301385
Hells Scythe,3-70,Point,87.5,7.0,1.0,8,89,1.71,2.0,0.5291051942301385
Meteor Dragoon,7-60,Level,87.5,14.0,2.0,16,98,1.64,2.5,0.6397666856325172
Antler Stag,0-60,Ball,87.5,7.0,1.0,8,108,1.29,1.0,0.5291051942301385
Wizard Rod,1-80,Hexa,87.0,20.0,3.0,23,98,1.1,2.0,0.678721020269818
Cobalt Dragoon,9-70,Elevate,86.1,31.0,5.0,36,122,1.42,2.2,0.7134014871960681
Rhino Horn,5-60,Accel,85.7,6.0,1.0,7,122,2.17,1.0,0.4868654966809702
Knight Shield,3-60,Under Needle,85.7,6.0,1.0,7,71,1.33,2.0,0.4868654966809702
Knight Mail,9-60,Free Ball,85.7,6.0,1.0,7,85,1.83,2.0,0.4868654966809702
Knight Mail,9-60,Low Rush,85.7,6.0,1.0,7,102,1.33,1.0,0.4868654966809702
Tusk Mammoth,5-60,Taper,83.3,5.0,1.0,6,95,1.4,1.0,0.4364905634363539
Wizard Rod,9-60,Gear Needle,83.3,5.0,1.0,6,95,1.4,1.0,0.4364905634363539
Tyranno Beat,9-60,Ball,83.3,5.0,1.0,6,100,1.6,1.0,0.4364905634363539
Phoenix Wing,3-60,Level,83.3,5.0,1.0,6,111,2.2,1.0,0.4364905634363539
Shark Scale,9-70,Low Rush,83.3,5.0,1.0,6,81,2.0,2.0,0.4364905634363539
Wizard Rod,1-60,High Needle,83.3,5.0,1.0,6,104,1.8,1.0,0.4364905634363539
Phoenix Wing,3-60,Trans Kick,83.3,5.0,1.0,6,81,2.0,2.0,0.4364905634363539
Golem Rock,6-80,Hexa,83.3,5.0,1.0,6,67,1.4,2.0,0.4364905634363539
Shark Scale,1-70,Low Orb,83.3,5.0,1.0,6,67,1.4,2.0,0.4364905634363539
Tyranno Roar,9-60,High Needle,83.3,5.0,1.0,6,41,1.0,3.0,0.4364905634363539
Unicorn Sting,9-60,Low Orb,83.3,5.0,1.0,6,41,1.0,3.0,0.4364905634363539
Shark Scale,1-60,Ball,83.3,5.0,1.0,6,54,1.0,2.0,0.4364905634363539
Shark Scale,7-60,Low Rush,83.3,5.0,1.0,6,67,1.4,2.0,0.4364905634363539
Silver Wolf,3-80,Free Ball,82.4,14.0,3.0,17,102,1.5,2.0,0.5897007098262422
Shark Scale,4-50,Level,81.3,13.0,3.0,16,97,1.46,2.0,0.5699064013154177
Phoenix Wing,7-60,Point,80.0,4.0,1.0,5,48,1.5,3.0,0.37552826411853885
Wizard Rod,7-60,Ball,80.0,4.0,1.0,5,48,1.0,2.0,0.37552826411853885
Cobalt Dragoon,4-55,Elevate,80.0,8.0,2.0,10,92,1.38,1.5,0.49015684672072346
Hover Wyvern,7-60,Kick,80.0,4.0,1.0,5,80,1.25,1.0,0.37552826411853885
Clock Mirage,4-55,Under Needle,80.0,4.0,1.0,5,48,1.0,2.0,0.37552826411853885
Sol Eclipse Free,5-60,Trans Kick,80.0,4.0,1.0,5,48,1.5,3.0,0.37552826411853885
Samurai Saber,5-60,Hexa,78.6,11.0,3.0,14,123,1.36,1.0,0.5241027622679172
Wizard Rod,1-70,Hexa,78.6,33.0,9.0,42,126,1.24,1.67,0.6405986210195627
Hells Scythe,3-60,Free Ball,78.0,46.0,13.0,59,121,1.37,2.23,0.6586705755334911
Knight Mail,9-60,Bound Spike,77.8,7.0,2.0,9,87,1.43,1.5,0.4525833436728054
Wizard Rod,3-60,Level,77.8,14.0,4.0,18,122,1.71,1.5,0.547849735476945
Sharke Edge,9-60,Wedge,77.8,7.0,2.0,9,109,1.57,1.0,0.4525833436728054
Mummy Curse,1-60,Low Orb,77.8,7.0,2.0,9,79,1.57,2.0,0.4525833436728054
Cobalt Dragoon,5-70,Elevate,77.1,37.0,11.0,48,114,1.16,1.91,0.6346046409154885
Wizard Rod,9-60,Ball,76.9,10.0,3.0,13,76,1.4,2.33,0.49743126004873084
Dragoon Storm,9-60,Elevate,76.9,10.0,3.0,13,87,1.5,2.0,0.49743126004873084
Dran Buster,3-70,Unite,75.0,3.0,1.0,4,88,2.67,1.0,0.30063605244263664
Wizard Arrow,5-80,Taper,75.0,6.0,2.0,8,91,1.83,1.5,0.40926987910258916
Hells Scythe,9-60,Disc Ball,75.0,3.0,1.0,4,69,1.33,1.0,0.30063605244263664
Sharke Edge,3-60,Taper,75.0,3.0,1.0,4,84,2.33,1.0,0.30063605244263664
Whale Wave,5-60,Taper,75.0,3.0,1.0,4,75,1.67,1.0,0.30063605244263664
Knight Shield,3-80,Needle,75.0,6.0,2.0,8,94,2.0,1.5,0.40926987910258916
Whale Wave,9-60,Dot,75.0,15.0,5.0,20,135,1.73,1.2,0.5312949900419365
Leon Crest,7-60,Free Ball,75.0,3.0,1.0,4,60,2.0,2.0,0.30063605244263664
Leon Crest,3-60,Orb,75.0,6.0,2.0,8,75,0.83,1.0,0.40926987910258916
Unicorn Sting,3-80,Ball,75.0,3.0,1.0,4,0,1.33,0.0,0.30063605244263664
Silver Wolf,9-70,Disc Ball,75.0,3.0,1.0,4,75,1.67,1.0,0.30063605244263664
Roar Tyranno,5-60,Ball,75.0,3.0,1.0,4,48,1.33,2.0,0.30063605244263664
Knight Mail,3-60,Point,75.0,3.0,1.0,4,75,1.67,1.0,0.30063605244263664
Wizard Arrow,5-60,Ball,75.0,6.0,2.0,8,91,1.83,1.5,0.40926987910258916
Tyranno Beat,5-60,Taper,75.0,3.0,1.0,4,69,1.33,1.0,0.30063605244263664
Phoenix Wing,5-60,Level,75.0,3.0,1.0,4,69,1.33,1.0,0.30063605244263664
Cobalt Dragoon,1-60,Level,75.0,3.0,1.0,4,60,1.0,1.0,0.30063605244263664
Black Shell,6-60,Rush,75.0,3.0,1.0,4,75,1.67,1.0,0.30063605244263664
Hells Scythe,1-60,Ball,75.0,3.0,1.0,4,55,1.67,2.0,0.30063605244263664
Knight Shield,9-60,Taper,75.0,9.0,3.0,12,113,1.89,1.33,0.4676896608793401
Scorpio Spear,1-60,Low Rush,75.0,3.0,1.0,4,69,1.33,1.0,0.30063605244263664
Scorpio Spear,7-70,Hexa,75.0,3.0,1.0,4,75,1.67,1.0,0.30063605244263664
Tyranno Beat,1-60,Low Rush,75.0,3.0,1.0,4,84,2.33,1.0,0.30063605244263664
Hover Wyvern,1-60,Kick,75.0,3.0,1.0,4,55,1.67,2.0,0.30063605244263664
Shark Scale,1-70,Kick,75.0,27.0,9.0,36,119,1.48,1.89,0.5892923231679658
Hells Hammer,3-85,Low Rush,75.0,3.0,1.0,4,43,1.67,3.0,0.30063605244263664
Emperor Might Round,9-60,Under Needle,75.0,3.0,1.0,4,60,1.0,1.0,0.30063605244263664
Wyvern Hover,4-50,Low Rush,75.0,6.0,2.0,8,94,2.0,1.5,0.40926987910258916
Viper Tail,4-60,Flat,75.0,3.0,1.0,4,55,1.67,2.0,0.30063605244263664
Wizard Rod,3-80,Orb,75.0,6.0,2.0,8,99,1.5,1.0,0.40926987910258916
Shark Scale,1-70,Rush,75.0,6.0,2.0,8,110,2.0,1.0,0.40926987910258916
Scorpio Spear,3-60,Jolt,75.0,6.0,2.0,8,66,1.67,2.5,0.40926987910258916
Wizard Rod,1-60,Free Ball,75.0,3.0,1.0,4,75,1.67,1.0,0.30063605244263664
Shark Scale,1-60,Free Ball,75.0,3.0,1.0,4,30,1.0,3.0,0.30063605244263664
Wizard Rod,9-60,Ball,74.4,387.0,133.0,520,184,1.14,1.76,0.7050344564988748
Wizard Rod,9-60,Hexa,74.2,66.0,23.0,89,132,1.27,1.96,0.641968636926015
Silver Wolf,5-70,Free Ball,73.3,11.0,4.0,15,76,1.18,2.0,0.48049110342313245
Scorpio Spear,9-80,Low Orb,72.7,8.0,3.0,11,65,1.13,2.0,0.4343497069897538
Aero Pegasus,1-70,Kick,72.7,8.0,3.0,11,81,1.88,2.33,0.4343497069897538
Silver Wolf,9-60,Free Ball,72.4,123.0,47.0,170,167,1.18,1.45,0.6519203131302869
Leon Crest,9-60,Orb,71.4,5.0,2.0,7,62,1.8,2.5,0.35892909014821267
Wyvern Gale,9-60,Gear Ball,71.4,5.0,2.0,7,87,1.4,1.0,0.35892909014821267
Cobalt Dragoon,7-60,Glide,71.4,5.0,2.0,7,77,1.6,1.5,0.35892909014821267
Phoenix Wing,9-60,Point,71.4,5.0,2.0,7,58,1.6,2.5,0.35892909014821267
Whale Wave,9-60,Low Flat,71.4,5.0,2.0,7,97,2.8,1.5,0.35892909014821267
Wizard Rod,3-60,Free Ball,71.4,15.0,6.0,21,95,1.0,1.33,0.5004322617716241
Roar Tyranno,5-60,Orb,71.4,5.0,2.0,7,53,1.4,2.5,0.35892909014821267
Roar Tyranno,9-60,Level,71.4,5.0,2.0,7,102,2.2,1.0,0.35892909014821267
Unicorn Sting,1-60,Ball,71.4,10.0,4.0,14,64,1.1,2.25,0.4535045882751561
Silver Wolf,9-60,Elevate,71.4,5.0,2.0,7,95,1.8,1.0,0.35892909014821267
Hells Chain,5-60,High Taper,71.4,5.0,2.0,7,56,1.8,3.0,0.35892909014821267
Pegasus Blast Wheel,9-60,Hexa,71.4,10.0,4.0,14,93,1.4,1.5,0.4535045882751561
Wizard Rod,1-60,Ball,71.4,10.0,4.0,14,79,1.9,2.75,0.4535045882751561
Tyranno Beat,1-70,Kick,71.4,5.0,2.0,7,81,1.8,1.5,0.35892909014821267
Golem Rock,6-80,Low Orb,71.4,5.0,2.0,7,74,2.0,2.0,0.35892909014821267
Fort Hornet Heavy,4-50,Ball,71.4,5.0,2.0,7,74,1.0,1.0,0.35892909014821267
Cerberus Flame,4-55,Kick,71.4,5.0,2.0,7,66,1.6,2.0,0.35892909014821267
Bear Scratch,1-60,Bumper,71.4,5.0,2.0,7,91,1.6,1.0,0.35892909014821267
Wizard Rod,1-60,Hexa,71.3,405.0,163.0,568,191,1.24,1.71,0.6744935926741181
Wizard Rod,9-60,Dot,71.1,27.0,11.0,38,117,1.41,1.73,0.5524256173381022
Silver Wolf,9-60,Ball,71.0,44.0,18.0,62,128,1.2,1.56,0.5871211868886291
Cobalt Dragoon,7-70,Elevate,70.8,17.0,7.0,24,92,1.35,2.0,0.5083193634129031
Scorpio Spear,9-60,Low Orb,70.7,53.0,22.0,75,129,1.36,1.86,0.5955934132076389
Pegasus Blast Wheel,9-60,Kick,70.6,12.0,5.0,17,121,1.75,1.2,0.468664666737861
Phoenix Wing,3-70,Hexa,70.0,7.0,3.0,10,68,1.14,1.67,0.3967732199795652
Phoenix Wing,5-60,Flat,70.0,21.0,9.0,30,143,1.62,1.11,0.5212387898833981
Phoenix Wing,9-60,Hexa,70.0,7.0,3.0,10,66,1.29,2.0,0.3967732199795652
Roar Tyranno,5-60,Point,70.0,7.0,3.0,10,73,1.29,1.67,0.3967732199795652
Silver Wolf,0-80,Disc Ball,70.0,7.0,3.0,10,64,1.43,2.33,0.3967732199795652
Knight Mail,1-60,Low Rush,70.0,7.0,3.0,10,98,1.86,1.33,0.3967732199795652
Wizard Rod,7-70,Hexa,70.0,7.0,3.0,10,98,1.86,1.33,0.3967732199795652
Wizard Rod,1-60,Bound Spike,70.0,7.0,3.0,10,72,1.0,1.33,0.3967732199795652
Scorpio Spear,3-60,Gear Ball,70.0,7.0,3.0,10,66,1.29,2.0,0.3967732199795652
Aero Pegasus,7-60,Rush,70.0,7.0,3.0,10,101,2.0,1.33,0.3967732199795652
Aero Pegasus,3-60,Rush,69.2,9.0,4.0,13,97,2.0,1.75,0.4236888781333764
Shark Scale,1-60,Rush,69.2,18.0,8.0,26,130,1.83,1.38,0.5001138848576876
Unicorn Sting,9-60,Free Ball,69.2,9.0,4.0,13,75,1.22,1.75,0.4236888781333764
Knight Mail,9-60,Free Ball,69.0,20.0,9.0,29,99,1.3,1.78,0.5076952952728147
Silver Wolf,3-60,Ball,68.9,31.0,14.0,45,124,1.32,1.5,0.5433492001245103
Wizard Rod,3-60,Ball,68.4,13.0,6.0,19,86,1.08,1.5,0.4601001017506463
Wyvern Hover,9-60,Rush,68.3,43.0,20.0,63,156,1.65,1.35,0.559962360918752
Golem Rock,9-60,Low Orb,68.2,15.0,7.0,22,88,1.4,2.0,0.4731822278283934
Aero Pegasus,7-60,Low Rush,67.7,21.0,10.0,31,143,1.71,1.1,0.501406855599508
Aero Pegasus,3-60,Point,67.4,29.0,14.0,43,140,1.72,1.43,0.5251593250655096
Shark Scale,3-60,Low Rush,67.3,37.0,18.0,55,161,1.78,1.22,0.5410297617609947
Cobalt Dragoon,5-60,Elevate,67.1,312.0,153.0,465,181,1.41,1.81,0.6270120688415524
Wizard Rod,5-70,Hexa,66.7,16.0,8.0,24,77,1.13,2.0,0.46705959494080457
Cobalt Dragoon,1-60,Point,66.7,4.0,2.0,6,72,1.25,1.0,0.2999883213415286
Viper Tail,5-80,Flat,66.7,4.0,2.0,6,83,1.75,1.0,0.2999883213415286
Tyranno Beat,9-60,Unite,66.7,2.0,1.0,3,37,2.0,3.0,0.20765495512648788
Leon Crest,5-60,Ball,66.7,4.0,2.0,6,65,1.5,1.5,0.2999883213415286
Cobalt Dragoon,5-60,Cyclone,66.7,4.0,2.0,6,78,2.25,1.5,0.2999883213415286
Leon Claw,9-60,Taper,66.7,4.0,2.0,6,78,2.25,1.5,0.2999883213415286
Optimus Primal,5-60,Low Flat,66.7,2.0,1.0,3,55,1.5,1.0,0.20765495512648788
Cobalt Dragoon,1-60,Cyclone,66.7,2.0,1.0,3,55,1.5,1.0,0.20765495512648788
Wizard Rod,3-60,Hexa,66.7,22.0,11.0,33,102,1.18,1.55,0.49607581799949974
Hells Chain,9-60,Needle,66.7,2.0,1.0,3,55,1.5,1.0,0.20765495512648788
Phoenix Wing,9-60,Cyclone,66.7,6.0,3.0,9,77,1.67,1.67,0.35419734749908977
Silver Wolf,9-70,Ball,66.7,6.0,3.0,9,58,1.0,1.67,0.35419734749908977
Samurai Saber,9-60,Elevate,66.7,2.0,1.0,3,40,1.5,2.0,0.20765495512648788
Wizard Rod,9-60,Taper,66.7,4.0,2.0,6,56,1.5,2.0,0.2999883213415286
Knight Mail,3-60,Low Rush,66.7,4.0,2.0,6,72,1.25,1.0,0.2999883213415286
Tyranno Beat,7-70,Taper,66.7,6.0,3.0,9,85,2.5,2.0,0.35419734749908977
Aero Pegasus,3-60,Level,66.7,2.0,1.0,3,62,2.0,1.0,0.20765495512648788
Cobalt Drake,9-60,Elevate,66.7,6.0,3.0,9,61,1.33,2.0,0.35419734749908977
Leon Claw,5-60,Point,66.7,2.0,1.0,3,40,1.5,2.0,0.20765495512648788
Cobalt Dragoon,4-60,Level,66.7,2.0,1.0,3,46,1.0,1.0,0.20765495512648788
Sharke Edge,1-60,Low Rush,66.7,2.0,1.0,3,46,2.0,2.0,0.20765495512648788
Dran Brave Slash,1-60,Rush,66.7,2.0,1.0,3,62,2.0,1.0,0.20765495512648788
Wizard Arrow,3-60,Free Ball,66.7,2.0,1.0,3,31,1.0,2.0,0.20765495512648788
Golem Rock,9-60,Under Needle,66.7,4.0,2.0,6,59,1.25,1.5,0.2999883213415286
Silver Wolf,9-60,Low Orb,66.7,4.0,2.0,6,37,1.0,2.5,0.2999883213415286
Rhino Horn,7-60,Hexa,66.7,2.0,1.0,3,31,1.0,2.0,0.20765495512648788
Tyranno Beat,3-70,Taper,66.7,4.0,2.0,6,43,1.25,2.5,0.2999883213415286
Cobalt Dragoon,4-55,Elevate,66.7,4.0,2.0,6,65,1.0,1.0,0.2999883213415286
Silver Wolf,9-60,Ball,66.7,6.0,3.0,9,63,1.17,1.67,0.35419734749908977
Knight Mail,0-70,Wedge,66.7,6.0,3.0,9,61,1.33,2.0,0.35419734749908977
Pegasus Blast Assault,3-60,Low Rush,66.7,4.0,2.0,6,72,1.25,1.0,0.2999883213415286
Shark Scale,3-60,Under Flat,66.7,2.0,1.0,3,66,2.5,1.0,0.20765495512648788
Cerberus Flame Massive,3-60,Kick,66.7,8.0,4.0,12,112,1.88,1.0,0.3906175873976139
Wizard Rod,1-60,Level,66.7,8.0,4.0,12,85,1.5,1.5,0.3906175873976139
Sharke Edge,1-80,Low Flat,66.7,2.0,1.0,3,31,1.0,2.0,0.20765495512648788
Samurai Saber,4-80,Level,66.7,2.0,1.0,3,46,2.0,2.0,0.20765495512648788
Cobalt Dragoon,7-60,Level,66.7,8.0,4.0,12,85,1.5,1.5,0.3906175873976139
Shark Scale,3-80,Rush,66.7,4.0,2.0,6,65,2.0,2.0,0.2999883213415286
Wyvern Gale,3-70,Gear Needle,66.7,2.0,1.0,3,55,1.5,1.0,0.20765495512648788
Phoenix Wing,5-80,Unite,66.7,4.0,2.0,6,83,1.75,1.0,0.2999883213415286
Wyvern Hover,1-60,Hexa,66.7,4.0,2.0,6,58,2.0,2.5,0.2999883213415286
Clock Mirage,7-55,Low Orb,66.7,4.0,2.0,6,50,1.25,2.0,0.2999883213415286
Tyranno Beat,1-70,Low Rush,66.7,6.0,3.0,9,77,1.67,1.67,0.35419734749908977
Wyvern Hover,9-70,Low Rush,66.7,4.0,2.0,6,53,1.75,2.5,0.2999883213415286
Cobalt Dragoon,4-60,Elevate,65.7,23.0,12.0,35,97,0.87,1.25,0.4915164687273671
Hells Scythe,9-60,Free Ball,65.7,23.0,12.0,35,96,1.26,1.83,0.4915164687273671
Shark Scale,1-70,Jolt,65.6,42.0,22.0,64,151,1.79,1.45,0.5340341181762039
Cobalt Dragoon,1-60,Elevate,65.0,39.0,21.0,60,121,1.46,1.76,0.5236238380947751
Tyranno Beat,1-60,Level,65.0,13.0,7.0,20,126,2.0,1.14,0.43285051021946475
Aero Pegasus,3-60,Low Rush,65.0,13.0,7.0,20,100,1.46,1.43,0.43285051021946475
Hells Scythe,3-60,Ball,64.8,35.0,19.0,54,115,1.43,1.79,0.5148458381779774
Hells Scythe,9-60,Ball,64.7,132.0,72.0,204,158,1.42,1.67,0.5793138542867039
Silver Wolf,9-70,Hexa,64.7,11.0,6.0,17,90,1.09,1.17,0.4129996672121183
Tusk Mammoth,3-60,Ball,64.3,9.0,5.0,14,72,1.56,2.2,0.3876400468214041
Tyranno Beat,2-70,Level,64.3,9.0,5.0,14,82,1.78,2.0,0.3876400468214041
Impact Drake,4-70,Level,64.3,9.0,5.0,14,95,1.44,1.2,0.3876400468214041
Phoenix Wing,1-60,Rush,64.3,9.0,5.0,14,100,1.89,1.4,0.3876400468214041
Wizard Rod,9-60,Wedge,64.3,9.0,5.0,14,66,1.33,2.2,0.3876400468214041
Shark Scale,5-60,Kick,64.3,9.0,5.0,14,83,2.0,2.2,0.3876400468214041
Aero Pegasus,1-60,Kick,64.3,9.0,5.0,14,71,0.56,0.8,0.3876400468214041
Silver Wolf,3-60,Free Ball,64.2,79.0,44.0,123,144,1.25,1.43,0.5544380921577126
Wizard Arrow,5-60,Orb,64.2,43.0,24.0,67,113,0.74,1.04,0.5221828769475225
Wizard Rod,3-60,Ball,64.0,162.0,91.0,253,147,1.23,1.75,0.5794876818546925
Scorpio Spear,9-60,Low Orb,64.0,16.0,9.0,25,110,1.5,1.33,0.44518154601046633
Wizard Rod,3-60,Dot,63.6,7.0,4.0,11,62,1.29,2.0,0.35379677689163724
Phoenix Wing,7-70,Low Rush,63.6,7.0,4.0,11,62,1.29,2.0,0.35379677689163724
Meteor Dragoon,9-70,Low Rush,63.6,7.0,4.0,11,87,1.86,1.5,0.35379677689163724
Wyvern Hover,9-60,Jolt,63.6,21.0,12.0,33,122,2.0,1.67,0.46615872621534094
Meteor Dragoon,7-55,Level,63.6,7.0,4.0,11,78,1.71,1.75,0.35379677689163724
Ghost Circle,3-60,Low Orb,63.3,19.0,11.0,30,103,1.32,1.45,0.4551324643360493
Cobalt Dragoon,7-60,Point,63.2,24.0,14.0,38,102,1.63,2.07,0.4728367282426011
Tyranno Beat,3-60,Taper,63.2,12.0,7.0,19,89,1.67,1.86,0.41039157498156714
Silver Wolf,9-60,Orb,63.2,12.0,7.0,19,75,1.42,2.14,0.41039157498156714
Shark Scale,1-80,Rush,63.2,12.0,7.0,19,122,2.33,1.29,0.41039157498156714
Shark Scale,3-60,Free Ball,63.2,48.0,28.0,76,135,1.56,1.61,0.5192485688815169
Shark Scale,1-70,Low Rush,63.0,133.0,78.0,211,188,1.79,1.42,0.5634105175918754
Cobalt Dragoon,4-60,Cyclone,62.9,22.0,13.0,35,104,1.64,1.92,0.4633664048802107
Sharke Edge,3-80,Low Flat,62.5,5.0,3.0,8,67,1.6,1.67,0.3057378545838018
Tyranno Beat,1-60,Cyclone,62.5,5.0,3.0,8,80,1.4,1.0,0.3057378545838018
Leon Claw,7-70,Taper,62.5,5.0,3.0,8,92,2.0,1.0,0.3057378545838018
Wizard Rod,9-60,Level,62.5,5.0,3.0,8,70,1.4,1.33,0.3057378545838018
Phoenix Wing,3-60,Rush,62.5,5.0,3.0,8,69,2.0,2.0,0.3057378545838018
Sol Eclipse Jaggy,6-60,Taper,62.5,5.0,3.0,8,69,2.0,2.0,0.3057378545838018
Shark Scale,9-80,Rush,62.5,5.0,3.0,8,57,1.2,1.67,0.3057378545838018
Wyvern Hover,9-60,Kick,62.5,40.0,24.0,64,130,1.85,1.88,0.5025015331382643
Dran Buster,7-60,Low Rush,61.9,13.0,8.0,21,106,1.85,1.5,0.40878295815501514
Shark Scale,3-60,Rush,61.9,13.0,8.0,21,95,1.62,1.63,0.40878295815501514
Phoenix Wing,3-60,Rush,61.8,160.0,99.0,259,191,1.75,1.4,0.5572671071488091
Cobalt Dragoon,4-60,Glide,61.5,8.0,5.0,13,84,1.5,1.4,0.3552248097226855
Cobalt Dragoon,6-60,Elevate,61.5,8.0,5.0,13,82,1.63,1.6,0.3552248097226855
Wizard Rod,7-60,Hexa,61.5,8.0,5.0,13,66,1.38,2.0,0.3552248097226855
Golem Rock,0-80,High Needle,61.5,8.0,5.0,13,58,1.13,2.0,0.3552248097226855
Phoenix Wing,9-60,Rush,61.3,38.0,24.0,62,128,1.68,1.67,0.4884761620578099
Wizard Rod,1-60,Under Needle,61.2,82.0,52.0,134,122,1.23,1.81,0.5274084845750908
Wizard Rod,1-60,Under Needle,61.1,11.0,7.0,18,66,1.0,1.71,0.3861866858065617
Cobalt Dragoon,9-60,Elevate,60.7,17.0,11.0,28,93,1.29,1.55,0.42408726034906297
Dran Sword,4-60,Taper,60.0,3.0,2.0,5,51,1.33,1.5,0.23071993220883702
Hells Scythe,4-60,Ball,60.0,6.0,4.0,10,62,1.5,2.0,0.3126695474501863
Knight Shield,3-80,Dot,60.0,3.0,2.0,5,43,1.33,2.0,0.23071993220883702
Tyranno Beat,9-80,Ball,60.0,6.0,4.0,10,62,1.5,2.0,0.3126695474501863
Dran Sword,5-80,Orb,60.0,3.0,2.0,5,36,1.0,2.0,0.23071993220883702
Knight Shield,4-60,Ball,60.0,6.0,4.0,10,82,1.67,1.25,0.3126695474501863
Phoenix Wing,4-60,Taper,60.0,3.0,2.0,5,72,2.0,1.0,0.23071993220883702
Hells Scythe,9-70,Ball,60.0,9.0,6.0,15,58,1.44,2.67,0.357464427565077
Cobalt Dragoon,5-70,Low Flat,60.0,3.0,2.0,5,67,1.67,1.0,0.23071993220883702
Silver Wolf,3-80,Hexa,60.0,3.0,2.0,5,36,1.0,2.0,0.23071993220883702
Unicorn Sting,9-60,Ball,60.0,3.0,2.0,5,51,1.33,1.5,0.23071993220883702
Silver Wolf,5-60,Dot,60.0,3.0,2.0,5,67,1.67,1.0,0.23071993220883702
Phoenix Rudder,9-60,Taper,60.0,3.0,2.0,5,52,2.33,2.5,0.23071993220883702
Hells Chain,5-60,Taper,60.0,3.0,2.0,5,51,1.33,1.5,0.23071993220883702
Hells Chain,9-80,Dot,60.0,6.0,4.0,10,86,1.83,1.25,0.3126695474501863
Aero Pegasus,1-60,Rush,60.0,18.0,12.0,30,108,1.56,1.42,0.42320052498273836
Wizard Arrow,4-55,Low Orb,60.0,3.0,2.0,5,61,2.0,1.5,0.23071993220883702
Scorpio Spear,1-60,Rush,60.0,6.0,4.0,10,82,1.33,1.0,0.3126695474501863
Samurai Saber,7-60,Hexa,60.0,3.0,2.0,5,43,1.33,2.0,0.23071993220883702
Cobalt Dragoon,5-60,Elevate,60.0,27.0,18.0,45,108,1.52,1.72,0.4545159420914473
Scorpio Spear,5-60,Free Ball,60.0,3.0,2.0,5,51,1.33,1.5,0.23071993220883702
Leon Crest,9-60,Wedge,60.0,3.0,2.0,5,36,1.0,2.0,0.23071993220883702
Pegasus Blast Wheel,9-60,Rush,60.0,3.0,2.0,5,43,1.33,2.0,0.23071993220883702
Ghost Circle,0-80,Low Orb,60.0,3.0,2.0,5,43,1.0,1.5,0.23071993220883702
Wizard Arc Heavy,9-60,Under Needle,60.0,6.0,4.0,10,78,1.5,1.25,0.3126695474501863
Wyvern Hover,6-60,Kick,60.0,6.0,4.0,10,79,1.83,1.5,0.3126695474501863
Tyranno Beat,7-60,Low Rush,60.0,6.0,4.0,10,82,2.0,1.5,0.3126695474501863
Silver Wolf,9-70,Wedge,60.0,3.0,2.0,5,49,1.67,2.0,0.23071993220883702
Samurai Calibur,1-60,Low Rush,60.0,9.0,6.0,15,80,1.22,1.33,0.357464427565077
Pegasus Blast Free,9-70,Unite,60.0,6.0,4.0,10,48,1.0,2.0,0.3126695474501863
Wyvern Hover,1-60,Low Rush,60.0,6.0,4.0,10,63,1.17,1.5,0.3126695474501863
Mummy Curse,1-60,Hexa,60.0,6.0,4.0,10,82,1.33,1.0,0.3126695474501863
Wizard Rod,9-70,Under Needle,60.0,3.0,2.0,5,36,1.0,2.0,0.23071993220883702
Pegasus Blast Heavy,3-60,Jolt,60.0,6.0,4.0,10,66,1.5,1.75,0.3126695474501863
Shark Scale,3-60,Jolt,60.0,6.0,4.0,10,62,1.5,2.0,0.3126695474501863
Tyranno Beat,1-60,Low Rush,58.8,10.0,7.0,17,79,1.6,1.86,0.3600507438551554
Pegasus Blast Heavy,9-60,Low Rush,58.8,10.0,7.0,17,86,1.6,1.57,0.3600507438551554
Hells Scythe,5-60,Orb,58.3,7.0,5.0,12,88,2.0,1.4,0.3195073356553728
Dran Sword,3-60,Point,58.3,7.0,5.0,12,77,1.71,1.6,0.3195073356553728
Dran Buster,1-60,Unite,58.3,7.0,5.0,12,81,1.43,1.2,0.3195073356553728
Wizard Arrow,9-60,Ball,58.3,14.0,10.0,24,73,1.14,1.8,0.3883433764938864
Pegasus Blast Heavy,9-60,Rush,58.3,7.0,5.0,12,96,2.14,1.2,0.3195073356553728
Pegasus Blast Wheel,3-60,Level,58.3,7.0,5.0,12,73,1.71,1.8,0.3195073356553728
Wizard Rod,5-60,Ball,57.9,11.0,8.0,19,70,1.27,1.88,0.3627555146516011
Impact Drake,9-60,Level,57.9,11.0,8.0,19,95,1.82,1.5,0.3627555146516011
Unicorn Sting,9-60,Orb,57.8,26.0,19.0,45,98,1.38,1.74,0.4330053279594451
Cobalt Dragoon,7-60,Cyclone,57.7,15.0,11.0,26,110,2.0,1.45,0.3894829692111983
Leon Crest,9-60,Ball,57.1,4.0,3.0,7,66,1.25,1.0,0.2504542304090258
Phoenix Wing,5-60,Hexa,57.1,4.0,3.0,7,68,2.25,1.67,0.2504542304090258
Hells Hammer,7-60,Ball,57.1,4.0,3.0,7,56,1.5,1.67,0.2504542304090258
Phoenix Wing,9-60,Taper,57.1,24.0,18.0,42,116,1.83,1.56,0.4220597791187447
Wizard Rod,5-60,Point,57.1,4.0,3.0,7,71,2.0,1.33,0.2504542304090258
Unicorn Sting,3-60,Dot,57.1,4.0,3.0,7,59,1.0,1.0,0.2504542304090258
Phoenix Feather,9-70,Glide,57.1,4.0,3.0,7,45,1.0,1.67,0.2504542304090258
Phoenix Wing,5-60,Dot,57.1,4.0,3.0,7,51,1.25,1.67,0.2504542304090258
Wizard Rod,9-60,Orb,57.1,8.0,6.0,14,52,1.0,2.0,0.3259026690286936
Dran Buster,7-70,Low Rush,57.1,8.0,6.0,14,86,1.88,1.5,0.3259026690286936
Sharke Edge,3-60,Low Rush,57.1,4.0,3.0,7,76,1.75,1.0,0.2504542304090258
Impact Drake,1-60,Low Flat,57.1,4.0,3.0,7,61,1.75,1.67,0.2504542304090258
Knight Mail,9-60,Low Orb,57.1,4.0,3.0,7,51,2.0,2.67,0.2504542304090258
Scorpio Spear,7-60,Wedge,57.1,4.0,3.0,7,59,1.0,1.0,0.2504542304090258
Hover Wyvern,7-60,Kick,57.1,4.0,3.0,7,71,1.5,1.0,0.2504542304090258
Aero Pegasus,1-60,Low Rush,57.1,4.0,3.0,7,76,1.75,1.0,0.2504542304090258
Phoenix Wing,7-60,High Taper,57.1,4.0,3.0,7,55,1.75,2.0,0.2504542304090258
Whale Wave,1-60,Low Flat,57.1,4.0,3.0,7,71,2.5,1.67,0.2504542304090258
Whale Wave,1-60,Free Ball,57.1,4.0,3.0,7,55,1.75,2.0,0.2504542304090258
Aero Pegasus,5-60,Kick,57.1,4.0,3.0,7,51,1.25,1.67,0.2504542304090258
Pegasus Blast Free,9-60,Free Ball,57.1,4.0,3.0,7,57,1.25,1.33,0.2504542304090258
Aero Pegasus,9-60,Rush,57.1,4.0,3.0,7,59,2.0,2.0,0.2504542304090258
Cobalt Dragoon,7-60,Elevate,56.9,29.0,22.0,51,97,1.28,1.68,0.4326506123505808
Phoenix Wing,5-60,Taper,56.8,21.0,16.0,37,105,1.62,1.56,0.40913906334200717
Knight Mail,1-60,Rush,56.8,21.0,16.0,37,121,1.95,1.38,0.40913906334200717
Aero Pegasus,3-60,Kick,56.5,13.0,10.0,23,102,1.69,1.3,0.36811049305016963
Aero Pegasus,7-60,Point,56.3,9.0,7.0,16,95,1.67,1.14,0.3317819560677652
Hells Chain,9-80,Needle,56.3,9.0,7.0,16,67,1.33,1.86,0.3317819560677652
Wyvern Hover,9-60,Low Rush,56.3,18.0,14.0,32,104,1.67,1.5,0.3932530203122613
Shark Scale,1-60,Low Rush,56.1,23.0,18.0,41,109,1.57,1.44,0.41040265151757305
Phoenix Wing,3-60,Low Rush,56.0,14.0,11.0,25,87,1.64,1.82,0.37067017019564436
Phoenix Wing,7-60,Rush,55.9,19.0,15.0,34,109,1.53,1.27,0.3945361778918369
Pegasus Blast Wheel,9-60,Level,55.8,24.0,19.0,43,114,1.54,1.32,0.4110735806551172
Shark Scale,5-60,Low Rush,55.8,24.0,19.0,43,115,1.83,1.53,0.4110735806551172
Tyranno Beat,4-60,Cyclone,55.6,5.0,4.0,9,73,2.0,1.5,0.26664734574402965
Phoenix Wing,1-60,Taper,55.6,5.0,4.0,9,63,1.2,1.25,0.26664734574402965
Cobalt Dragoon,5-60,Point,55.6,5.0,4.0,9,79,1.6,1.0,0.26664734574402965
Phoenix Wing,3-60,Point,55.6,10.0,8.0,18,91,1.9,1.5,0.33716069428251627
Silver Wolf,9-80,Hexa,55.6,5.0,4.0,9,57,1.0,1.25,0.26664734574402965
Roar Tyranno,3-60,Rush,55.6,5.0,4.0,9,92,2.6,1.0,0.26664734574402965
Tusk Mammoth,4-60,Orb,55.6,5.0,4.0,9,62,1.4,1.5,0.26664734574402965
Samurai Saber,9-60,Free Ball,55.6,5.0,4.0,9,66,1.6,1.5,0.26664734574402965
Samurai Saber,9-60,Wedge,55.6,5.0,4.0,9,57,0.4,0.5,0.26664734574402965
Shark Scale,4-50,Under Flat,55.6,10.0,8.0,18,107,1.9,1.0,0.33716069428251627
Shark Scale,9-60,Low Orb,55.6,10.0,8.0,18,76,1.3,1.5,0.33716069428251627
Samurai Calibur,1-60,Low Orb,55.6,35.0,28.0,63,108,1.49,1.68,0.43319420640871287
Pegasus Blast Wheel,3-60,Low Rush,55.6,15.0,12.0,27,92,1.47,1.5,0.3731271947957688
Pegasus Blast Heavy,9-60,Kick,55.6,5.0,4.0,9,79,2.0,1.25,0.26664734574402965
Clock Mirage,7-55,Under Needle,55.6,5.0,4.0,9,70,1.8,1.5,0.26664734574402965
Wizard Arrow,9-70,Free Ball,55.6,5.0,4.0,9,62,1.4,1.5,0.26664734574402965
Phoenix Wing,1-60,Low Rush,55.0,22.0,18.0,40,118,1.68,1.22,0.3982882988844078
Hells Hammer,3-70,Rush,55.0,33.0,27.0,60,128,1.73,1.33,0.424917145489815
Phoenix Wing,7-60,Low Rush,55.0,11.0,9.0,20,90,1.82,1.56,0.34208200830759966
Hells Scythe,9-60,Orb,54.5,18.0,15.0,33,91,1.39,1.53,0.3798565794374957
Unicorn Sting,4-60,Orb,54.5,12.0,10.0,22,72,1.25,1.7,0.3465947328904156
Hover Wyvern,7-60,Low Rush,54.5,6.0,5.0,11,62,1.83,2.2,0.2800877556899882
Pegasus Blast Slash,7-60,Level,54.5,6.0,5.0,11,54,1.33,2.0,0.2800877556899882
Pegasus Blast Heavy,7-60,Level,54.5,6.0,5.0,11,62,1.33,1.6,0.2800877556899882
Phoenix Wing,1-60,Rush,54.5,164.0,137.0,301,168,1.77,1.5,0.4883794948377436
Phoenix Wing,9-60,Gear Flat,54.2,13.0,11.0,24,100,2.08,1.55,0.3507455355310663
Aero Pegasus,7-60,Level,54.2,13.0,11.0,24,88,1.85,1.82,0.3507455355310663
Pegasus Blast Free,9-60,Hexa,54.1,20.0,17.0,37,87,1.35,1.71,0.3838377952476737
Tyranno Beat,1-60,Taper,53.6,15.0,13.0,28,96,1.73,1.54,0.35812395142101666
Phoenix Wing,3-60,Taper,52.9,36.0,32.0,68,111,1.53,1.56,0.41240715813747064
Wyvern Hover,7-60,Level,52.6,10.0,9.0,19,86,1.6,1.33,0.31707482511825114
Phoenix Wing,3-60,Flat,52.4,11.0,10.0,21,101,1.82,1.1,0.3236921790026675
Wizard Rod,9-60,High Needle,51.7,15.0,14.0,29,78,1.2,1.5,0.34430737970569164
Phoenix Wing,5-60,Rush,51.1,24.0,23.0,47,102,1.54,1.43,0.37242217589372884
Dran Sword,3-60,High Needle,50.0,3.0,3.0,6,39,1.33,2.0,0.1876128068994087
Knight Shield,5-80,Needle,50.0,1.0,1.0,2,18,1.0,2.0,0.09452865480086611
Knight Lance,4-60,Gear Ball,50.0,2.0,2.0,4,27,1.0,2.0,0.15003570882017145
Phoenix Wing,4-60,Flat,50.0,9.0,9.0,18,87,2.11,1.44,0.2903070395897999
Tusk Mammoth,5-60,Needle,50.0,2.0,2.0,4,46,2.0,1.5,0.15003570882017145
Dran Sword,9-60,Taper,50.0,4.0,4.0,8,50,1.25,1.5,0.2152125268244419
Sharke Edge,2-60,Gear Flat,50.0,4.0,4.0,8,71,2.75,1.5,0.2152125268244419
Dran Sword,9-60,Rush,50.0,2.0,2.0,4,30,1.5,2.5,0.15003570882017145
Phoenix Wing,9-60,Ball,50.0,11.0,11.0,22,65,1.09,1.55,0.3072180469247956
Tyranno Beat,5-60,Rush,50.0,4.0,4.0,8,62,2.25,1.75,0.2152125268244419
Knight Shield,5-60,High Taper,50.0,2.0,2.0,4,40,1.5,1.5,0.15003570882017145
Knight Shield,9-70,Needle,50.0,4.0,4.0,8,42,1.25,2.0,0.2152125268244419
Hells Chain,5-60,High Needle,50.0,2.0,2.0,4,40,1.5,1.5,0.15003570882017145
Hells Scythe,3-80,Ball,50.0,5.0,5.0,10,43,1.0,1.8,0.2365895936154873
Hells Scythe,5-80,Orb,50.0,2.0,2.0,4,34,1.5,2.0,0.15003570882017145
Knight Shield,5-80,Ball,50.0,4.0,4.0,8,44,1.0,1.5,0.2152125268244419
Tusk Mammoth,7-60,Taper,50.0,3.0,3.0,6,54,1.67,1.33,0.1876128068994087
Sharke Edge,5-60,Gear Flat,50.0,2.0,2.0,4,54,2.0,1.0,0.15003570882017145
Dran Dagger,3-60,Taper,50.0,2.0,2.0,4,40,2.0,2.0,0.15003570882017145
Dran Sword,4-80,Needle,50.0,2.0,2.0,4,40,1.5,1.5,0.15003570882017145
Wizard Rod,3-60,Orb,50.0,3.0,3.0,6,56,1.33,1.0,0.1876128068994087
Optimus Prime,5-60,Hexa,50.0,2.0,2.0,4,34,1.5,2.0,0.15003570882017145
Wizard Rod,3-60,High Needle,50.0,1.0,1.0,2,18,1.0,2.0,0.09452865480086611
Wyvern Gale,9-60,Dot,50.0,2.0,2.0,4,27,1.5,3.0,0.15003570882017145
Hells Chain,9-60,Taper,50.0,1.0,1.0,2,18,1.0,2.0,0.09452865480086611
Silver Wolf,3-70,Ball,50.0,2.0,2.0,4,40,2.0,2.0,0.15003570882017145
Wyvern Gale,9-80,Dot,50.0,4.0,4.0,8,55,1.5,1.5,0.2152125268244419
Tusk Mammoth,9-60,Ball,50.0,8.0,8.0,16,62,1.38,1.75,0.2799923761135083
Knight Lance,4-80,High Needle,50.0,2.0,2.0,4,0,0.0,0.0,0.15003570882017145
Cobalt Dragoon,3-60,Cyclone,50.0,3.0,3.0,6,0,0.0,0.0,0.1876128068994087
Phoenix Wing,5-60,Unite,50.0,6.0,6.0,12,21,0.5,2.5,0.2537781703934222
Hells Scythe,5-70,Ball,50.0,2.0,2.0,4,32,1.0,1.5,0.15003570882017145
Whale Wave,3-60,Level,50.0,5.0,5.0,10,63,1.8,1.6,0.2365895936154873
Tyranno Beat,2-60,Unite,50.0,5.0,5.0,10,71,2.0,1.4,0.2365895936154873
Samurai Saber,5-60,Level,50.0,4.0,4.0,8,41,1.5,2.5,0.2152125268244419
Samurai Saber,3-60,Cyclone,50.0,3.0,3.0,6,44,1.67,2.0,0.1876128068994087
Silver Wolf,5-60,Free Ball,50.0,6.0,6.0,12,64,1.83,1.83,0.2537781703934222
Hells Scythe,5-60,Free Ball,50.0,2.0,2.0,4,40,1.0,1.0,0.15003570882017145
Talon Ptera,7-60,Free Ball,50.0,2.0,2.0,4,40,1.0,1.0,0.15003570882017145
Dran Buster,7-60,Low Flat,50.0,5.0,5.0,10,56,1.6,1.8,0.2365895936154873
Wizard Arrow,7-60,Hexa,50.0,2.0,2.0,4,40,1.0,1.0,0.15003570882017145
Silver Wolf,9-80,Free Ball,50.0,2.0,2.0,4,27,1.0,2.0,0.15003570882017145
Cobalt Drake,7-60,Level,50.0,1.0,1.0,2,27,1.0,1.0,0.09452865480086611
Knight Shield,4-60,Taper,50.0,5.0,5.0,10,77,1.8,1.0,0.2365895936154873
Knight Mail,9-60,High Needle,50.0,7.0,7.0,14,54,1.43,2.14,0.2679886791947528
Unicorn Sting,3-60,Orb,50.0,3.0,3.0,6,43,1.33,1.67,0.1876128068994087
Lightning L-Drago Assault,1-60,Low Rush,50.0,2.0,2.0,4,32,1.0,1.5,0.15003570882017145
Knight Mail,9-60,Unite,50.0,3.0,3.0,6,36,1.0,1.67,0.1876128068994087
Dran Buster,3-60,Rush,50.0,3.0,3.0,6,57,2.33,1.67,0.1876128068994087
Knight Shield,9-60,Ball,50.0,2.0,2.0,4,30,1.5,2.5,0.15003570882017145
Impact Drake,5-60,Rush,50.0,1.0,1.0,2,27,2.0,2.0,0.09452865480086611
Silver Wolf,7-60,Free Ball,50.0,1.0,1.0,2,27,1.0,1.0,0.09452865480086611
Impact Drake,4-60,Low Flat,50.0,2.0,2.0,4,57,2.5,1.0,0.15003570882017145
Tyranno Beat,9-60,Low Flat,50.0,2.0,2.0,4,48,3.0,2.0,0.15003570882017145
Impact Drake,4-60,Under Needle,50.0,1.0,1.0,2,27,1.0,1.0,0.09452865480086611
Rhino Horn,5-60,Level,50.0,1.0,1.0,2,33,3.0,2.0,0.09452865480086611
Perseus Dark Bumper,5-60,Hexa,50.0,1.0,1.0,2,18,1.0,2.0,0.09452865480086611
Dran Brave Slash,9-60,Low Rush,50.0,2.0,2.0,4,40,1.5,1.5,0.15003570882017145
Phoenix Wing,1-60,Level,50.0,2.0,2.0,4,54,2.0,1.0,0.15003570882017145
Bite Croc,4-55,Under Needle,50.0,2.0,2.0,4,40,2.0,2.0,0.15003570882017145
Knight Lance,3-60,Hexa,50.0,2.0,2.0,4,46,2.0,1.5,0.15003570882017145
Ghost Circle,9-60,Free Ball,50.0,2.0,2.0,4,34,1.5,2.0,0.15003570882017145
Steel Samurai,7-70,Point,50.0,1.0,1.0,2,27,2.0,2.0,0.09452865480086611
Phoenix Wing,6-60,Level,50.0,3.0,3.0,6,42,1.0,1.33,0.1876128068994087
Cobalt Dragoon,6-60,Rush,50.0,6.0,6.0,12,83,1.83,1.0,0.2537781703934222
Dran Buster,9-60,Unite,50.0,3.0,3.0,6,53,2.0,1.67,0.1876128068994087
Hells Hammer,1-60,Rush,50.0,4.0,4.0,8,55,1.0,1.0,0.2152125268244419
Knight Shield,3-60,Wedge,50.0,2.0,2.0,4,32,1.0,1.5,0.15003570882017145
Golem Rock,6-60,Low Rush,50.0,3.0,3.0,6,43,1.33,1.67,0.1876128068994087
Wizard Rod,1-60,Low Rush,50.0,2.0,2.0,4,40,1.0,1.0,0.15003570882017145
Lightning L-Drago,7-60,Low Rush,50.0,2.0,2.0,4,54,2.0,1.0,0.15003570882017145
Scorpio Spear,9-60,Free Ball,50.0,3.0,3.0,6,49,1.0,1.0,0.1876128068994087
Silver Wolf,9-60,Hexa,50.0,3.0,3.0,6,43,1.33,1.67,0.1876128068994087
Scorpio Spear,0-70,Wedge,50.0,2.0,2.0,4,23,1.0,2.5,0.15003570882017145
Wizard Rod,7-70,Hexa,50.0,1.0,1.0,2,27,1.0,1.0,0.09452865480086611
Hells Hammer,3-70,Hexa,50.0,2.0,2.0,4,40,2.0,2.0,0.15003570882017145
Tyranno Beat,9-60,Taper,50.0,1.0,1.0,2,27,1.0,1.0,0.09452865480086611
Scorpio Spear,3-60,Point,50.0,3.0,3.0,6,68,2.33,1.0,0.1876128068994087
Knight Mail,1-60,Rush,50.0,2.0,2.0,4,40,2.0,2.0,0.15003570882017145
Dran Buster,1-60,Kick,50.0,3.0,3.0,6,44,1.67,2.0,0.1876128068994087
Tyranno Beat,7-70,Vortex,50.0,4.0,4.0,8,73,2.0,1.0,0.2152125268244419
Tyranno Beat,4-60,Bound Spike,50.0,1.0,1.0,2,27,1.0,1.0,0.09452865480086611
Dran Brave Slash,6-60,Vortex,50.0,2.0,2.0,4,48,1.5,1.0,0.15003570882017145
Golem Rock,5-60,Hexa,50.0,2.0,2.0,4,32,1.0,1.5,0.15003570882017145
Cobalt Dragoon,4-55,Level,50.0,1.0,1.0,2,14,1.0,3.0,0.09452865480086611
Pegasus Blast Wheel,5-60,Hexa,50.0,2.0,2.0,4,32,1.0,1.5,0.15003570882017145
Hells Reaper Round,9-60,Kick,50.0,3.0,3.0,6,57,2.33,1.67,0.1876128068994087
Phoenix Wing,3-60,Hexa,50.0,2.0,2.0,4,54,2.0,1.0,0.15003570882017145
Pegasus Blast Wheel,7-60,Kick,50.0,2.0,2.0,4,50,2.5,1.5,0.15003570882017145
Phoenix Wing,7-70,Under Flat,50.0,3.0,3.0,6,62,2.33,1.33,0.1876128068994087
Wizard Rod,4-60,Level,50.0,2.0,2.0,4,40,2.0,2.0,0.15003570882017145
Scorpio Spear,9-60,Point,50.0,6.0,6.0,12,73,1.33,1.0,0.2537781703934222
Dran Buster,3-60,Low Flat,50.0,1.0,1.0,2,27,2.0,2.0,0.09452865480086611
Aero Pegasus,6-60,Kick,50.0,2.0,2.0,4,27,1.0,2.0,0.15003570882017145
Pegasus Blast Wheel,7-60,Unite,50.0,2.0,2.0,4,46,2.0,1.5,0.15003570882017145
Samurai Saber,3-60,Wedge,50.0,3.0,3.0,6,61,1.67,1.0,0.1876128068994087
Samurai Calibur,3-60,Wall Ball,50.0,2.0,2.0,4,20,1.0,3.0,0.15003570882017145
Pegasus Blast Wheel,9-60,Taper,50.0,10.0,10.0,20,62,1.3,1.9,0.2992949144298199
Pegasus Blast Slash,3-60,Rush,50.0,2.0,2.0,4,57,2.5,1.0,0.15003570882017145
Hells Scythe,1-80,Rubber Accel,50.0,4.0,4.0,8,55,1.0,1.0,0.2152125268244419
Dran Buster,1-60,Under Flat,50.0,5.0,5.0,10,67,1.8,1.4,0.2365895936154873
Pegasus Blast Wheel,3-60,Kick,50.0,5.0,5.0,10,64,1.6,1.4,0.2365895936154873
Pegasus Blast Wheel,6-80,Taper,50.0,3.0,3.0,6,54,1.67,1.33,0.1876128068994087
Clock Mirage,4-55,Low Orb,50.0,6.0,6.0,12,58,0.83,1.0,0.2537781703934222
Wyvern Hover,1-70,Low Rush,50.0,5.0,5.0,10,57,2.0,2.2,0.2365895936154873
Pegasus Blast Jaggy,9-60,Low Rush,50.0,3.0,3.0,6,53,2.0,1.67,0.1876128068994087
Phoenix Wing,9-60,Low Orb,50.0,4.0,4.0,8,60,1.5,1.25,0.2152125268244419
Mammoth Tusk,9-60,Orb,50.0,6.0,6.0,12,64,1.17,1.17,0.2537781703934222
Wizard Rod,6-60,Ball,50.0,5.0,5.0,10,49,1.4,2.0,0.2365895936154873
Wizard Arc Heavy,7-60,Kick,50.0,3.0,3.0,6,53,2.0,1.67,0.1876128068994087
Dran Sword,3-60,Vortex,50.0,9.0,9.0,18,85,2.11,1.56,0.2903070395897999
Pegasus Blast Heavy,5-60,Kick,50.0,2.0,2.0,4,40,1.5,1.5,0.15003570882017145
Wyvern Hover,9-60,Level,50.0,2.0,2.0,4,32,1.0,1.5,0.15003570882017145
Hells Hammer,3-60,High Taper,50.0,5.0,5.0,10,44,1.4,2.4,0.2365895936154873
Meteor Dragoon,1-60,Taper,50.0,4.0,4.0,8,66,1.5,1.0,0.2152125268244419
Scorpio Spear,3-70,Unite,50.0,3.0,3.0,6,52,2.33,2.0,0.1876128068994087
Wizard Arc Heavy,9-60,Trans Point,50.0,2.0,2.0,4,34,1.5,2.0,0.15003570882017145
Cobalt Dragoon,6-60,Point,50.0,2.0,2.0,4,40,1.5,1.5,0.15003570882017145
Emperor Might Bumper,5-60,High Needle,50.0,4.0,4.0,8,37,1.0,2.0,0.2152125268244419
Dran Buster,3-60,Low Rush,50.0,3.0,3.0,6,49,1.67,1.67,0.1876128068994087
Phoenix Flare Wheel,9-60,Jolt,50.0,4.0,4.0,8,55,1.5,1.5,0.2152125268244419
Hells Hammer,3-70,Kick,50.0,2.0,2.0,4,54,2.0,1.0,0.15003570882017145
Pegasus Blast Heavy,9-60,Jolt,50.0,4.0,4.0,8,55,1.25,1.25,0.2152125268244419
Wizard Arrow,9-60,Free Ball,50.0,7.0,7.0,14,73,1.86,1.57,0.2679886791947528
Hells Scythe,3-80,Taper,50.0,1.0,1.0,2,27,1.0,1.0,0.09452865480086611
Sphinx Cowl,7-60,Needle,50.0,3.0,3.0,6,56,1.33,1.0,0.1876128068994087
Knight Shield,1-70,Taper,50.0,4.0,4.0,8,60,1.5,1.25,0.2152125268244419
Whale Wave,1-70,Rush,50.0,3.0,3.0,6,32,1.33,2.67,0.1876128068994087
Hover Wyvern,1-60,Low Rush,48.8,21.0,22.0,43,103,1.67,1.32,0.34617209277756006
Dran Sword,3-60,Taper,48.7,19.0,20.0,39,89,1.42,1.45,0.3386492878313309
Tyranno Beat,9-60,Taper,48.3,14.0,15.0,29,92,1.71,1.33,0.3138581933079522
Impact Drake,9-60,Low Rush,47.8,11.0,12.0,23,77,1.45,1.42,0.29236869539945726
Dran Buster,1-60,Point,47.6,10.0,11.0,21,75,1.8,1.73,0.28343712296762946
Black Shell,1-60,Rush,47.4,9.0,10.0,19,90,1.89,1.1,0.2732950548744854
Sharke Edge,2-60,Low Flat,47.4,9.0,10.0,19,75,1.78,1.6,0.2732950548744854
Tyranno Beat,5-60,Point,47.1,8.0,9.0,17,86,2.5,1.44,0.26164801196088106
Unicorn Sting,9-60,Point,46.7,7.0,8.0,15,60,1.29,1.5,0.24809225259746442
Tyranno Beat,1-60,Rush,46.2,12.0,14.0,26,82,1.75,1.5,0.28755582695234905
Whale Wave,5-60,Dot,46.2,6.0,7.0,13,56,1.33,1.57,0.23205754301488138
Hells Chain,5-60,Dot,45.8,11.0,13.0,24,76,1.73,1.62,0.27891058351681425
Knight Shield,5-60,Hexa,45.5,5.0,6.0,11,78,2.6,1.17,0.21270957543988048
Cobalt Dragoon,1-70,Elevate,45.5,5.0,6.0,11,34,1.0,2.33,0.21270957543988048
Samurai Calibur,1-70,Low Rush,45.5,5.0,6.0,11,56,1.8,1.83,0.21270957543988048
Phoenix Wing,5-60,Point,45.3,43.0,52.0,95,115,1.72,1.37,0.35632609157265266
Sharke Edge,4-60,Low Flat,45.0,9.0,11.0,20,70,2.0,1.91,0.25819502085709295
Pegasus Blast Wheel,9-60,Unite,45.0,9.0,11.0,20,73,1.56,1.36,0.25819502085709295
Cobalt Dragoon,4-60,Low Flat,44.4,4.0,5.0,9,73,2.5,1.0,0.188775429471914
Dran Buster,4-60,Flat,44.4,8.0,10.0,18,77,1.88,1.3,0.24559231101389123
Tyranno Beat,5-60,Kick,44.4,4.0,5.0,9,57,1.75,1.4,0.188775429471914
Pegasus Blast Jaggy,3-60,Kick,44.4,4.0,5.0,9,37,1.0,1.8,0.188775429471914
Hells Scythe,3-60,Taper,44.0,11.0,14.0,25,70,1.64,1.71,0.26665374947002574
Cobalt Dragoon,1-60,Low Flat,42.9,3.0,4.0,7,46,1.33,1.25,0.15821692226262685
Unicorn Sting,9-60,Gear Ball,42.9,3.0,4.0,7,38,1.67,2.25,0.15821692226262685
Lightning L-Drago Barrage,7-60,Low Flat,42.9,3.0,4.0,7,39,1.33,1.75,0.15821692226262685
Phoenix Feather,3-60,Level,42.9,3.0,4.0,7,41,1.67,2.0,0.15821692226262685
Dran Brave Slash,1-60,Low Rush,42.9,3.0,4.0,7,51,2.67,2.0,0.15821692226262685
Whale Wave,9-60,Low Rush,42.9,3.0,4.0,7,45,2.0,2.0,0.15821692226262685
Scorpio Spear,9-60,Hexa,42.9,3.0,4.0,7,42,1.33,1.5,0.15821692226262685
Phoenix Wing,1-70,Kick,42.9,3.0,4.0,7,39,1.33,1.75,0.15821692226262685
Wizard Rod,3-80,Free Ball,42.9,3.0,4.0,7,46,1.33,1.25,0.15821692226262685
Wolf Hunt Heavy,5-60,Level,42.9,3.0,4.0,7,56,1.67,1.0,0.15821692226262685
Samurai Calibur,9-60,Rush,42.9,3.0,4.0,7,51,2.0,1.5,0.15821692226262685
Hells Scythe,9-60,Low Rush,42.9,3.0,4.0,7,47,1.67,1.5,0.15821692226262685
Meteor Dragoon,9-70,Level,42.9,3.0,4.0,7,47,1.67,1.5,0.15821692226262685
Tusk Mammoth,3-60,Taper,42.3,11.0,15.0,26,72,1.64,1.53,0.255441899027294
Dran Buster,5-60,Low Flat,42.1,8.0,11.0,19,76,2.38,1.55,0.2314162039203038
Whale Wave,1-60,Rush,41.2,7.0,10.0,17,72,2.0,1.3,0.21610786039131383
Cobalt Dragoon,2-60,Cyclone,40.9,9.0,13.0,22,83,2.0,1.08,0.23255559668820378
Viper Tail,5-60,Taper,40.0,2.0,3.0,5,39,2.0,1.67,0.11761823115925325
Dran Sword,5-80,Flat,40.0,2.0,3.0,5,27,1.0,1.67,0.11761823115925325
Black Shell,5-80,Taper,40.0,2.0,3.0,5,40,2.5,2.0,0.11761823115925325
Dran Buster,1-60,Flat,40.0,4.0,6.0,10,58,1.5,1.0,0.16817758120350967
Dran Sword,3-80,Flat,40.0,2.0,3.0,5,43,2.5,1.67,0.11761823115925325
Roar Tyranno,1-60,Rush,40.0,2.0,3.0,5,43,2.0,1.33,0.11761823115925325
Dran Buster,1-60,Rush,40.0,4.0,6.0,10,55,2.0,1.5,0.16817758120350967
Dran Buster,7-60,Flat,40.0,2.0,3.0,5,33,2.0,2.33,0.11761823115925325
Whale Wave,3-60,Taper,40.0,2.0,3.0,5,39,2.0,1.67,0.11761823115925325
Yell Kong,9-60,Orb,40.0,2.0,3.0,5,34,1.5,1.67,0.11761823115925325
Phoenix Wing,1-60,Point,40.0,4.0,6.0,10,52,1.75,1.5,0.16817758120350967
Crimson Garuda,7-60,Flat,40.0,2.0,3.0,5,36,1.0,1.0,0.11761823115925325
Whale Wave,9-60,Rush,40.0,2.0,3.0,5,24,1.5,3.0,0.11761823115925325
Cobalt Dragoon,5-70,Point,40.0,6.0,9.0,15,54,1.5,1.56,0.19824228082594664
Impact Drake,5-60,Gear Point,40.0,2.0,3.0,5,38,1.5,1.33,0.11761823115925325
Bite Croc,3-60,Low Flat,40.0,2.0,3.0,5,27,1.0,1.67,0.11761823115925325
Golem Rock,1-60,Under Needle,40.0,2.0,3.0,5,31,1.5,2.0,0.11761823115925325
Knight Mail,9-60,Under Needle,40.0,2.0,3.0,5,38,1.5,1.33,0.11761823115925325
Tyranno Beat,3-70,Rush,40.0,2.0,3.0,5,43,2.5,1.67,0.11761823115925325
Knight Shield,3-70,Low Rush,40.0,2.0,3.0,5,43,2.0,1.33,0.11761823115925325
Knife Shinobi,9-60,Gear Flat,40.0,2.0,3.0,5,33,2.0,2.33,0.11761823115925325
Dran Buster,4-55,Low Flat,40.0,2.0,3.0,5,51,2.5,1.0,0.11761823115925325
Whale Wave,1-60,Kick,40.0,4.0,6.0,10,50,2.0,1.83,0.16817758120350967
Wizard Arc,9-60,Ball,40.0,2.0,3.0,5,36,1.0,1.0,0.11761823115925325
Knight Mail,5-60,Rush,40.0,2.0,3.0,5,38,1.5,1.33,0.11761823115925325
Dran Brave Assault,3-60,Low Rush,40.0,2.0,3.0,5,34,1.5,1.67,0.11761823115925325
Silver Wolf,1-60,Merge,40.0,2.0,3.0,5,31,1.0,1.33,0.11761823115925325
Pegasus Blast Jaggy,9-60,Level,40.0,2.0,3.0,5,36,2.0,2.0,0.11761823115925325
Samurai Calibur,1-60,Hexa,40.0,4.0,6.0,10,51,1.5,1.33,0.16817758120350967
Scorpio Spear,9-60,Wedge,40.0,2.0,3.0,5,24,1.0,2.0,0.11761823115925325
Golem Rock,9-60,Unite,40.0,2.0,3.0,5,26,1.5,2.67,0.11761823115925325
Mummy Curse,9-60,Orb,40.0,2.0,3.0,5,27,1.0,1.67,0.11761823115925325
Knight Lance,1-60,Hexa,40.0,2.0,3.0,5,43,1.5,1.0,0.11761823115925325
Sharke Edge,1-60,Low Flat,39.1,9.0,14.0,23,81,2.11,1.14,0.22157377982382145
Meteor Dragoon,7-70,Level,39.1,9.0,14.0,23,65,1.56,1.43,0.22157377982382145
Knight Shield,1-60,Hexa,38.9,7.0,11.0,18,59,1.43,1.36,0.2030499192693116
Hells Hammer,9-60,Rush,38.2,13.0,21.0,34,75,2.0,1.62,0.23899964851608782
Leon Crest,7-60,Orb,37.5,3.0,5.0,8,41,1.0,1.0,0.13684175946152105
Rhino Horn,4-60,Taper,37.5,3.0,5.0,8,46,1.0,0.8,0.13684175946152105
Dran Sword,3-60,Rush,37.5,6.0,10.0,16,60,1.67,1.3,0.18480982554752803
Sharke Edge,4-60,Flat,37.5,3.0,5.0,8,55,2.0,1.0,0.13684175946152105
Dran Sword,5-60,Taper,37.5,3.0,5.0,8,55,2.0,1.0,0.13684175946152105
Wizard Rod,9-60,Gear Flat,37.5,3.0,5.0,8,29,1.33,2.4,0.13684175946152105
Hells Scythe,9-60,Needle,37.5,6.0,10.0,16,56,1.33,1.2,0.18480982554752803
Cobalt Drake,1-70,Kick,37.5,3.0,5.0,8,51,2.0,1.2,0.13684175946152105
Viper Tail,3-60,Taper,36.7,44.0,76.0,120,117,1.45,0.74,0.2858279826049079
Leon Crest,7-60,Hexa,36.4,8.0,14.0,22,66,1.75,1.29,0.19732972772607899
Cobalt Dragoon,5-80,Elevate,36.4,4.0,7.0,11,32,1.0,1.86,0.15166223614131386
Hells Scythe,4-60,Needle,36.4,4.0,7.0,11,55,1.75,1.14,0.15166223614131386
Phoenix Wing,9-60,Low Rush,36.4,4.0,7.0,11,58,1.75,1.0,0.15166223614131386
Hells Chain,5-60,Point,36.4,4.0,7.0,11,60,2.5,1.29,0.15166223614131386
Mummy Curse,1-60,Free Ball,36.4,4.0,7.0,11,42,1.25,1.43,0.15166223614131386
Dran Buster,1-60,Low Flat,35.0,21.0,39.0,60,85,1.95,1.33,0.24167601723815485
Wizard Arrow,4-80,Spike,33.3,1.0,2.0,3,18,1.0,1.5,0.061490315276160515
Sharke Edge,3-60,Rush,33.3,3.0,6.0,9,48,1.67,1.0,0.12058159868274292
Dran Sword,3-60,Flat,33.3,6.0,12.0,18,50,1.5,1.42,0.16278554363662856
Phoenix Wing,1-80,Rush,33.3,2.0,4.0,6,43,2.0,1.0,0.09676933255921684
Tusk Mammoth,7-60,Point,33.3,2.0,4.0,6,30,1.5,1.75,0.09676933255921684
Hells Scythe,4-60,Taper,33.3,2.0,4.0,6,22,0.5,1.0,0.09676933255921684
Sharke Edge,3-60,Gear Flat,33.3,1.0,2.0,3,26,2.0,1.5,0.061490315276160515
Hells Scythe,5-60,Ball,33.3,2.0,4.0,6,37,2.0,1.5,0.09676933255921684
Sharke Edge,3-60,Low Flat,33.3,6.0,12.0,18,64,2.0,1.08,0.16278554363662856
Bite Croc,3-60,Rush,33.3,2.0,4.0,6,35,1.5,1.25,0.09676933255921684
Talon Ptera,3-80,Needle,33.3,1.0,2.0,3,25,3.0,2.5,0.061490315276160515
Whale Wave,1-60,Low Flat,33.3,10.0,20.0,30,63,2.1,1.7,0.19230295526846194
Hells Hammer,3-80,Low Flat,33.3,1.0,2.0,3,26,2.0,1.5,0.061490315276160515
Sharke Edge,9-60,Unite,33.3,3.0,6.0,9,46,2.0,1.33,0.12058159868274292
Unicorn Sting,5-60,Gear Point,33.3,2.0,4.0,6,24,1.0,1.75,0.09676933255921684
Whale Wave,5-70,Taper,33.3,3.0,6.0,9,46,2.0,1.33,0.12058159868274292
Cobalt Drake,9-60,Rush,33.3,1.0,2.0,3,18,2.0,3.0,0.061490315276160515
Weiss Tiger,9-80,Hexa,33.3,1.0,2.0,3,26,2.0,1.5,0.061490315276160515
Phoenix Rudder,7-60,Taper,33.3,2.0,4.0,6,39,1.5,1.0,0.09676933255921684
Knight Shield,5-60,Gear Ball,33.3,1.0,2.0,3,18,1.0,1.5,0.061490315276160515
Dran Dagger,3-60,Low Flat,33.3,1.0,2.0,3,31,3.0,1.5,0.061490315276160515
Rhino Horn,5-60,High Taper,33.3,1.0,2.0,3,23,1.0,1.0,0.061490315276160515
Cobalt Drake,5-60,Rush,33.3,2.0,4.0,6,26,1.5,2.25,0.09676933255921684
Hells Scythe,5-60,Point,33.3,1.0,2.0,3,13,1.0,2.5,0.061490315276160515
Tusk Mammoth,4-60,Ball,33.3,1.0,2.0,3,15,1.0,2.0,0.061490315276160515
Tusk Mammoth,4-60,Taper,33.3,1.0,2.0,3,21,2.0,2.5,0.061490315276160515
Cobalt Dragoon,3-60,Point,33.3,1.0,2.0,3,0,0.0,0.0,0.061490315276160515
Samurai Saber,9-60,Level,33.3,2.0,4.0,6,40,2.0,1.25,0.09676933255921684
Knight Lance,3-60,Low Flat,33.3,2.0,4.0,6,34,2.5,2.25,0.09676933255921684
Wizard Rod,3-60,Taper,33.3,1.0,2.0,3,23,1.0,1.0,0.061490315276160515
Tyranno Beat,5-60,Level,33.3,1.0,2.0,3,31,2.0,1.0,0.061490315276160515
Phoenix Rudder,7-60,Level,33.3,1.0,2.0,3,26,2.0,1.5,0.061490315276160515
Tusk Mammoth,3-60,Orb,33.3,1.0,2.0,3,23,1.0,1.0,0.061490315276160515
Talon Ptera,5-70,Gear Ball,33.3,2.0,4.0,6,40,2.0,1.25,0.09676933255921684
Leon Crest,4-60,Needle,33.3,1.0,2.0,3,23,2.0,2.0,0.061490315276160515
Hells Chain,5-60,Hexa,33.3,3.0,6.0,9,43,1.67,1.33,0.12058159868274292
Knight Mail,3-60,Level,33.3,1.0,2.0,3,31,3.0,1.5,0.061490315276160515
Knight Mail,7-60,Low Rush,33.3,1.0,2.0,3,26,2.0,1.5,0.061490315276160515
Golem Rock,7-60,Orb,33.3,1.0,2.0,3,15,1.0,2.0,0.061490315276160515
Tyranno Beat,5-60,Flat,33.3,6.0,12.0,18,56,2.0,1.5,0.16278554363662856
Impact Drake,3-60,Rush,33.3,1.0,2.0,3,26,2.0,1.5,0.061490315276160515
Tyranno Beat,7-70,Rush,33.3,1.0,2.0,3,18,1.0,1.5,0.061490315276160515
Roar Tyranno,3-60,Flat,33.3,1.0,2.0,3,23,1.0,1.0,0.061490315276160515
Optimus Primal,2-60,Low Flat,33.3,1.0,2.0,3,31,2.0,1.0,0.061490315276160515
Shinobi Shadow,6-80,Level,33.3,1.0,2.0,3,15,1.0,2.0,0.061490315276160515
Starscream,9-70,Low Orb,33.3,1.0,2.0,3,26,2.0,1.5,0.061490315276160515
Rhino Horn,5-60,Gear Point,33.3,1.0,2.0,3,23,2.0,2.0,0.061490315276160515
Impact Drake,6-60,Vortex,33.3,2.0,4.0,6,39,1.5,1.0,0.09676933255921684
Dran Buster,1-60,Low Rush,33.3,5.0,10.0,15,56,2.0,1.3,0.15176100694691236
Driger S,1-60,Unite,33.3,1.0,2.0,3,31,2.0,1.0,0.061490315276160515
Aero Pegasus,6-60,Rush,33.3,4.0,8.0,12,50,1.75,1.25,0.13811783989736134
Viper Tail,5-80,Orb,33.3,1.0,2.0,3,26,2.0,1.5,0.061490315276160515
Tyranno Beat,2-70,Level,33.3,1.0,2.0,3,35,3.0,1.0,0.061490315276160515
Scorpio Spear,5-60,Hexa,33.3,2.0,4.0,6,32,1.0,1.0,0.09676933255921684
Hover Wyvern,7-60,Level,33.3,1.0,2.0,3,23,2.0,2.0,0.061490315276160515
Hells Chain,3-80,Point,33.3,2.0,4.0,6,43,3.0,1.5,0.09676933255921684
Hells Scythe,9-60,Low Orb,33.3,1.0,2.0,3,25,3.0,2.5,0.061490315276160515
Tyranno Roar,3-60,Rush,33.3,1.0,2.0,3,18,1.0,1.5,0.061490315276160515
Dran Brave Heavy,5-60,Flat,33.3,1.0,2.0,3,31,3.0,1.5,0.061490315276160515
Cerberus Flame Massive,4-55,Kick,33.3,1.0,2.0,3,28,3.0,2.0,0.061490315276160515
Cobalt Drake,9-60,Jolt,33.3,2.0,4.0,6,24,1.0,1.75,0.09676933255921684
Wizard Arrow,4-60,Gear Needle,33.3,1.0,2.0,3,18,1.0,1.5,0.061490315276160515
Ptera Swing,7-60,Ball,33.3,1.0,2.0,3,26,2.0,1.5,0.061490315276160515
Sphinx Cowl,5-60,Needle,33.3,1.0,2.0,3,23,1.0,1.0,0.061490315276160515
Emperor Might Heavy,9-60,Free Ball,33.3,2.0,4.0,6,29,1.0,1.25,0.09676933255921684
Ptera Swing,1-80,Point,33.3,2.0,4.0,6,32,1.0,1.0,0.09676933255921684
Dran Dagger,4-60,Rush,31.6,6.0,13.0,19,52,1.67,1.38,0.15364171004428598
Impact Drake,5-60,Low Rush,30.8,4.0,9.0,13,46,2.0,1.56,0.1268049716161809
Cobalt Drake,1-60,Rush,30.0,3.0,7.0,10,46,2.0,1.14,0.10778928748621182
Whale Wave,3-60,Low Flat,30.0,3.0,7.0,10,46,2.0,1.14,0.10778928748621182
Sharke Edge,2-60,Low Rush,30.0,3.0,7.0,10,52,2.67,1.0,0.10778928748621182
Wyvern Hover,7-60,Kick,30.0,3.0,7.0,10,23,0.33,0.71,0.10778928748621182
Dran Buster,1-60,Gear Point,28.6,2.0,5.0,7,33,2.0,1.6,0.08221716570901552
Leon Crest,7-60,Point,28.6,2.0,5.0,7,30,1.0,1.0,0.08221716570901552
Hells Chain,5-60,Ball,28.6,2.0,5.0,7,27,1.5,1.8,0.08221716570901552
Tusk Mammoth,4-80,Taper,28.6,2.0,5.0,7,33,2.0,1.6,0.08221716570901552
Dran Sword,3-60,Low Flat,28.6,2.0,5.0,7,38,2.5,1.4,0.08221716570901552
Leon Crest,4-60,Dot,28.6,2.0,5.0,7,30,2.0,2.0,0.08221716570901552
Knight Lance,3-80,High Needle,28.6,2.0,5.0,7,30,1.0,1.0,0.08221716570901552
Cobalt Dragoon,4-60,Point,28.6,2.0,5.0,7,40,2.0,1.0,0.08221716570901552
Phoenix Wing,5-60,High Taper,28.6,2.0,5.0,7,33,2.5,2.0,0.08221716570901552
Fox Brush Jaggy,1-60,Rush,28.6,2.0,5.0,7,31,1.5,1.4,0.08221716570901552
Dran Buster,7-60,Low Rush,28.6,2.0,5.0,7,35,2.0,1.4,0.08221716570901552
Knight Shield,1-60,Low Orb,28.6,2.0,5.0,7,31,1.5,1.4,0.08221716570901552
Meteor Dragoon,9-60,Level,28.6,2.0,5.0,7,37,2.0,1.2,0.08221716570901552
Wizard Arrow,4-80,High Needle,25.0,1.0,3.0,4,27,2.0,1.0,0.045586062644636216
Dran Sword,5-60,Flat,25.0,1.0,3.0,4,15,1.0,1.67,0.045586062644636216
Knight Shield,4-60,Orb,25.0,1.0,3.0,4,15,1.0,1.67,0.045586062644636216
Hells Hammer,3-60,Cyclone,25.0,1.0,3.0,4,17,1.0,1.33,0.045586062644636216
Phoenix Wing,9-60,Orb,25.0,5.0,15.0,20,42,1.6,1.33,0.11186005278940306
Dran Buster,3-60,Taper,25.0,1.0,3.0,4,20,1.0,1.0,0.045586062644636216
Hells Hammer,3-60,Flat,25.0,1.0,3.0,4,17,1.0,1.33,0.045586062644636216
Knight Shield,3-60,High Needle,25.0,1.0,3.0,4,22,2.0,1.67,0.045586062644636216
Sharke Edge,5-60,Low Flat,25.0,3.0,9.0,12,40,2.0,1.22,0.08894003962896137
Dran Sword,9-60,Needle,25.0,1.0,3.0,4,24,2.0,1.33,0.045586062644636216
Wizard Arrow,4-80,Ball,25.0,1.0,3.0,4,0,0.0,0.33,0.045586062644636216
Phoenix Wing,5-60,Gear Needle,25.0,1.0,3.0,4,22,2.0,1.67,0.045586062644636216
Unicorn Sting,5-60,Ball,25.0,1.0,3.0,4,15,1.0,1.67,0.045586062644636216
Hells Scythe,1-60,Taper,25.0,1.0,3.0,4,22,2.0,1.67,0.045586062644636216
Black Shell,4-60,Ball,25.0,1.0,3.0,4,24,3.0,2.0,0.045586062644636216
Whale Wave,1-60,Flat,25.0,1.0,3.0,4,27,2.0,1.0,0.045586062644636216
Unicorn Sting,5-60,Orb,25.0,1.0,3.0,4,17,1.0,1.33,0.045586062644636216
Hells Scythe,5-60,Taper,25.0,1.0,3.0,4,20,1.0,1.0,0.045586062644636216
Silver Wolf,9-60,Disc Ball,25.0,1.0,3.0,4,26,3.0,1.67,0.045586062644636216
Knight Mail,1-60,Low Flat,25.0,3.0,9.0,12,40,2.0,1.22,0.08894003962896137
Impact Drake,9-60,Rush,25.0,1.0,3.0,4,17,1.0,1.33,0.045586062644636216
Golem Rock,7-60,Low Rush,25.0,1.0,3.0,4,22,2.0,1.67,0.045586062644636216
Samurai Saber,2-70,Level,25.0,1.0,3.0,4,17,1.0,1.33,0.045586062644636216
Wizard Rod,5-60,High Needle,25.0,1.0,3.0,4,24,1.0,0.67,0.045586062644636216
Knight Shield,7-70,Hexa,25.0,1.0,3.0,4,13,1.0,2.0,0.045586062644636216
Hells Hammer,3-60,Hexa,25.0,1.0,3.0,4,22,2.0,1.67,0.045586062644636216
Samurai Saber,3-60,Free Ball,25.0,2.0,6.0,8,24,1.0,1.33,0.07147768885802765
Phoenix Wing,3-80,Taper,25.0,1.0,3.0,4,24,2.0,1.33,0.045586062644636216
Phoenix Wing,5-60,Kick,25.0,1.0,3.0,4,20,1.0,1.0,0.045586062644636216
Silver Wolf,9-60,Free Ball,25.0,1.0,3.0,4,27,2.0,1.0,0.045586062644636216
Samurai Saber,7-60,Level,25.0,1.0,3.0,4,15,1.0,1.67,0.045586062644636216
Pegasus Blast Slash,3-60,Low Rush,25.0,1.0,3.0,4,24,3.0,2.0,0.045586062644636216
Hover Wyvern,9-60,Taper,25.0,1.0,3.0,4,24,2.0,1.33,0.045586062644636216
Golem Rock,1-60,Unite,25.0,1.0,3.0,4,28,3.0,1.33,0.045586062644636216
Phoenix Wing,1-70,Rush,25.0,2.0,6.0,8,30,2.0,1.67,0.07147768885802765
Aero Pegasus,5-60,Rush,25.0,1.0,3.0,4,28,3.0,1.33,0.045586062644636216
Shark Scale,3-60,Kick,25.0,1.0,3.0,4,17,1.0,1.33,0.045586062644636216
Knight Mail,9-60,Jolt,25.0,2.0,6.0,8,24,1.0,1.33,0.07147768885802765
Dran Sword,9-60,Flat,20.0,1.0,4.0,5,13,1.0,1.75,0.036223160969787456
Cobalt Dragoon,9-60,Cyclone,20.0,1.0,4.0,5,18,1.0,1.0,0.036223160969787456
Cobalt Dragoon,9-60,Point,20.0,1.0,4.0,5,14,1.0,1.5,0.036223160969787456
Talon Ptera,5-70,Flat,20.0,1.0,4.0,5,24,2.0,1.0,0.036223160969787456
Impact Drake,5-60,Level,20.0,1.0,4.0,5,20,2.0,1.5,0.036223160969787456
Impact Drake,9-60,Point,20.0,1.0,4.0,5,18,2.0,2.0,0.036223160969787456
Hells Hammer,3-70,Flat,20.0,1.0,4.0,5,22,2.0,1.25,0.036223160969787456
Lightning L-Drago Barrage,7-60,Flat,20.0,1.0,4.0,5,27,3.0,1.0,0.036223160969787456
Shark Scale,1-60,Kick,20.0,1.0,4.0,5,16,1.0,1.25,0.036223160969787456
Pegasus Blast Jaggy,3-60,Low Rush,20.0,1.0,4.0,5,14,1.0,1.5,0.036223160969787456
Samurai Saber,5-60,Free Ball,20.0,1.0,4.0,5,16,1.0,1.25,0.036223160969787456
Impact Drake,3-80,Taper,20.0,1.0,4.0,5,22,2.0,1.25,0.036223160969787456
Samurai Calibur,6-60,Low Rush,20.0,1.0,4.0,5,14,1.0,1.5,0.036223160969787456
Pegasus Blast Heavy,9-60,Taper,20.0,1.0,4.0,5,18,1.0,1.0,0.036223160969787456
Mammoth Tusk,7-60,Level,20.0,1.0,4.0,5,11,1.0,2.25,0.036223160969787456
Rhino Horn,3-80,Spike,16.7,1.0,5.0,6,18,2.0,1.6,0.030052585871730285
Sharke Edge,1-60,Cyclone,16.7,1.0,5.0,6,21,3.0,1.6,0.030052585871730285
Whale Wave,7-60,Quake,16.7,1.0,5.0,6,16,1.0,1.0,0.030052585871730285
Lightning L-Drago Assault,5-60,Low Flat,16.7,1.0,5.0,6,20,2.0,1.2,0.030052585871730285
Impact Drake,3-60,Unite,16.7,1.0,5.0,6,18,2.0,1.6,0.030052585871730285
Knight Mail,1-60,Taper,16.7,1.0,5.0,6,20,2.0,1.2,0.030052585871730285
Knight Mail,5-60,Low Rush,16.7,2.0,10.0,12,19,1.5,1.8,0.046964147614822246
Pegasus Blast Assault,1-60,Low Rush,16.7,1.0,5.0,6,22,2.0,1.0,0.030052585871730285
Hells Reaper Charge,9-60,Ball,16.7,1.0,5.0,6,18,2.0,1.6,0.030052585871730285
Crimson Garuda,6-80,Rush,16.7,1.0,5.0,6,16,2.0,2.0,0.030052585871730285
Silver Wolf,9-70,Low Orb,16.7,1.0,5.0,6,18,2.0,1.6,0.030052585871730285
Hells Hammer,5-80,Rush,14.3,1.0,6.0,7,21,3.0,1.17,0.02567895594897479
Mummy Curse,1-60,Wedge,14.3,1.0,6.0,7,13,1.0,1.33,0.02567895594897479
Hells Chain,5-60,Free Ball,12.5,1.0,7.0,8,11,1.0,1.43,0.02241690886329618
Ghost Circle,9-80,Low Orb,12.5,1.0,7.0,8,11,1.0,1.43,0.02241690886329618
Whale Wave,5-60,Low Flat,11.1,1.0,8.0,9,10,1.0,1.63,0.019890371327130518
Dran Sword,3-60,Orb,0.0,0.0,1.0,1,0,0.0,2.0,0.0
Viper Tail,3-60,Rush,0.0,0.0,3.0,3,0,0.0,1.33,0.0
Leon Crest,9-70,Orb,0.0,0.0,5.0,5,0,0.0,1.4,0.0
Sharke Edge,9-60,Taper,0.0,0.0,3.0,3,0,0.0,1.0,0.0
Phoenix Wing,5-60,Gear Point,0.0,0.0,3.0,3,0,0.0,1.0,0.0
Dran Buster,3-60,Flat,0.0,0.0,3.0,3,0,0.0,1.67,0.0
Whale Wave,7-60,Rush,0.0,0.0,2.0,2,0,0.0,2.0,0.0
Wizard Rod,3-60,Point,0.0,0.0,5.0,5,0,0.0,1.6,0.0
Sharke Edge,9-60,Cyclone,0.0,0.0,6.0,6,0,0.0,1.0,0.0
Phoenix Wing,3-60,Ball,0.0,0.0,1.0,1,0,0.0,2.0,0.0
Hells Scythe,4-60,Gear Ball,0.0,0.0,3.0,3,0,0.0,2.33,0.0
Whale Wave,1-60,Taper,0.0,0.0,7.0,7,0,0.0,2.0,0.0
Tyranno Beat,9-60,Flat,0.0,0.0,2.0,2,0,0.0,1.0,0.0
Rhino Horn,1-60,Gear Flat,0.0,0.0,1.0,1,0,0.0,2.0,0.0
Hells Hammer,9-60,Low Flat,0.0,0.0,3.0,3,0,0.0,1.33,0.0
Tyranno Beat,2-60,Taper,0.0,0.0,1.0,1,0,0.0,2.0,0.0
Silver Wolf,5-80,Disc Ball,0.0,0.0,1.0,1,0,0.0,1.0,0.0
Hells Chain,5-60,Needle,0.0,0.0,1.0,1,0,0.0,2.0,0.0
Rhino Horn,7-60,Taper,0.0,0.0,1.0,1,0,0.0,1.0,0.0
Roar Tyranno,9-60,Ball,0.0,0.0,3.0,3,0,0.0,1.33,0.0
Leon Crest,9-70,High Taper,0.0,0.0,2.0,2,0,0.0,1.5,0.0
Knight Mail,9-60,Taper,0.0,0.0,2.0,2,0,0.0,2.0,0.0
Crimson Garuda,4-60,Trans Point,0.0,0.0,3.0,3,0,0.0,1.67,0.0
Samurai Saber,1-60,Hexa,0.0,0.0,1.0,1,0,0.0,1.0,0.0
Tyranno Beat,3-60,Rush,0.0,0.0,2.0,2,0,0.0,2.0,0.0
Shelter Drake,7-80,Gear Point,0.0,0.0,1.0,1,0,0.0,0.0,0.0
Wizard Arrow,5-70,Disc Ball,0.0,0.0,1.0,1,0,0.0,1.0,0.0
Dran Dagger,3-60,Cyclone,0.0,0.0,2.0,2,0,0.0,1.0,0.0
Viper Tail,5-60,Ball,0.0,0.0,4.0,4,0,0.0,1.5,0.0
Knight Mail,9-80,Hexa,0.0,0.0,2.0,2,0,0.0,2.5,0.0
Shelter Drake,9-60,Taper,0.0,0.0,2.0,2,0,0.0,2.0,0.0
Silver Wolf,4-60,Bound Spike,0.0,0.0,3.0,3,0,0.0,1.33,0.0
Tusk Mammoth,3-60,High Taper,0.0,0.0,6.0,6,0,0.0,1.5,0.0
Leon Claw,5-70,Taper,0.0,0.0,3.0,3,0,0.0,1.67,0.0
Wizard Arc Round,9-60,Low Orb,0.0,0.0,2.0,2,0,0.0,1.0,0.0
Sharke Edge,4-55,Under Needle,0.0,0.0,3.0,3,0,0.0,1.67,0.0
Golem Rock,9-60,Low Flat,0.0,0.0,2.0,2,0,0.0,1.5,0.0
Tyranno Beat,9-60,Point,0.0,0.0,1.0,1,0,0.0,1.0,0.0
Wizard Arc Bumper,4-55,Under Needle,0.0,0.0,1.0,1,0,0.0,1.0,0.0
Samurai Saber,4-60,Hexa,0.0,0.0,1.0,1,0,0.0,2.0,0.0
Cobalt Dragoon,0-70,Elevate,0.0,0.0,1.0,1,0,0.0,2.0,0.0
Impact Drake,7-60,Zap,0.0,0.0,3.0,3,0,0.0,1.33,0.0
Hells Scythe,4-60,Taper,0.0,0.0,2.0,2,0,0.0,2.0,0.0
Hover Wyvern,9-60,Under Needle,0.0,0.0,2.0,2,0,0.0,1.0,0.0
Viper Tail,5-80,Orb,0.0,0.0,2.0,2,0,0.0,1.0,0.0
Dran Sword,7-60,Taper,0.0,0.0,3.0,3,0,0.0,2.67,0.0
Samurai Saber,7-70,Level,0.0,0.0,1.0,1,0,0.0,1.0,0.0
Perseus Dark Bumper,9-60,Ball,0.0,0.0,1.0,1,0,0.0,2.0,0.0
Golem Rock,6-60,Under Flat,0.0,0.0,2.0,2,0,0.0,1.5,0.0
Sharke Edge,2-70,Kick,0.0,0.0,3.0,3,0,0.0,1.33,0.0
Hells Reaper Turn,1-60,Hexa,0.0,0.0,2.0,2,0,0.0,2.0,0.0
Hover Wyvern,1-60,Free Ball,0.0,0.0,2.0,2,0,0.0,2.5,0.0
Silver Wolf,3-60,Point,0.0,0.0,1.0,1,0,0.0,2.0,0.0
Shark Scale,1-70,Under Flat,0.0,0.0,4.0,4,0,0.0,2.0,0.0
Fox Brush Slash,1-60,Low Flat,0.0,0.0,5.0,5,0,0.0,1.2,0.0
Phoenix Wing,3-60,Under Needle,0.0,0.0,2.0,2,0,0.0,2.0,0.0
Shark Scale,7-60,Kick,0.0,0.0,3.0,3,0,0.0,1.67,0.0
Shark Scale,7-60,Under Flat,0.0,0.0,6.0,6,0,0.0,1.33,0.0
Wyvern Hover,7-60,Low Rush,0.0,0.0,3.0,3,0,0.0,2.0,0.0
Samurai Saber,9-60,Needle,0.0,0.0,1.0,1,0,0.0,1.0,0.0
Shinobi Shadow,4-80,Ball,0.0,0.0,2.0,2,0,0.0,1.5,0.0
Shinobi Shadow,1-80,Point,0.0,0.0,2.0,2,0,0.0,1.0,0.0
Dran Sword Free,3-60,Flat,0.0,0.0,3.0,3,0,0.0,0.0,0.0
Wizard Arrow,3-80,Gear Needle,0.0,0.0,2.0,2,0,0.0,1.0,0.0
Leon Crest,1-80,Ball,0.0,0.0,3.0,3,0,0.0,1.33,0.0
Sphinx Cowl,7-60,Point,0.0,0.0,3.0,3,0,0.0,1.0,0.0
