Ratchet,Wins,Losses,Partidas,Wilson Score
0-60,17,9,26,0.46220229009632996
0-70,8,6,14,0.3259026690286936
0-80,18,10,28,0.4582997758222724
1-50,48,36,84,0.4647675967027547
1-60,1507,1039,2546,0.5726931063521686
1-70,360,206,566,0.5956100474558397
1-80,54,47,101,0.43789497166288216
2-60,31,42,73,0.31784011426782005
2-70,11,13,24,0.27891058351681425
3-60,1367,989,2356,0.560177377706185
3-70,83,76,159,0.44476913444983596
3-80,69,64,133,0.4345513610645472
3-85,3,1,4,0.30063605244263664
4-50,40,15,55,0.5976755051758511
4-55,36,27,63,0.4486139508259402
4-60,170,187,357,0.42491159278880264
4-70,11,8,19,0.3627555146516011
4-80,15,25,40,0.24222773535791722
5-60,841,693,1534,0.5232454479676628
5-70,82,60,142,0.49522876003715055
5-80,34,39,73,0.35591852872281665
6-60,54,54,108,0.407333152227769
6-80,17,13,30,0.39197009545408734
7-55,29,22,51,0.4326506123505808
7-60,387,332,719,0.5016999444064643
7-70,83,61,144,0.49472676416117145
7-80,2,9,11,0.05136660067100062
9-60,2076,1227,3303,0.611900186880044
9-70,151,90,241,0.5639470802449965
9-80,51,46,97,0.4273259458893044
UX Expanded,57,46,103,0.45719037245005417
