Blade,Ratchet,Bit,Win %,Wins,Losses,Partidas,Pts Ganados/Combate,Pts Cedidos/Combate,Wilson Score,Arquetipo victoria,Arquetipo derrota
Aero Pegasus,1-50,Rush,60.0,3.0,2.0,5,2.0,1.0,0.230719932208837,⚪ Datos insuficientes,⚪ Datos insuficientes
Aero Pegasus,1-60,Kick,58.33,14.0,10.0,24,1.07,1.3,0.3883433764938864,🔵 Spin finish,🔵 Pierde por spin
Aero Pegasus,1-60,Low Rush,57.14,4.0,3.0,7,0.875,0.5,0.2504542304090258,⚪ Datos insuficientes,⚪ Datos insuficientes
Aero Pegasus,1-60,Point,90.91,10.0,1.0,11,1.7,1.0,0.6226353745137962,🟠 Burst / Over,🔵 Pierde por spin
Aero Pegasus,1-60,Rush,60.0,18.0,12.0,30,1.56,1.42,0.4232005249827383,🟠 Burst / Over,🔵 Pierde por spin
Aero Pegasus,1-70,Kick,68.42,13.0,6.0,19,1.85,2.0,0.4601001017506463,🟠 Burst / Over,🟠 Pierde por burst/over
Aero Pegasus,1-70,Level,60.0,3.0,2.0,5,2.33,1.0,0.230719932208837,⚪ Datos insuficientes,⚪ Datos insuficientes
Aero Pegasus,1-70,Rush,40.0,2.0,3.0,5,1.5,2.0,0.1176182311592532,⚪ Datos insuficientes,⚪ Datos insuficientes
Aero Pegasus,3-60,Jolt,66.67,2.0,1.0,3,1.5,1.0,0.2076549551264878,⚪ Datos insuficientes,⚪ Datos insuficientes
Aero Pegasus,3-60,Kick,56.52,13.0,10.0,23,1.69,1.3,0.3681104930501696,🟠 Burst / Over,🔵 Pierde por spin
Aero Pegasus,3-60,Level,66.67,2.0,1.0,3,2.0,1.0,0.2076549551264878,⚪ Datos insuficientes,⚪ Datos insuficientes
Aero Pegasus,3-60,Low Rush,65.0,13.0,7.0,20,1.46,1.43,0.4328505102194647,🔵 Spin finish,🔵 Pierde por spin
Aero Pegasus,3-60,Point,67.44,29.0,14.0,43,1.72,1.43,0.5251593250655096,🟠 Burst / Over,🔵 Pierde por spin
Aero Pegasus,3-60,Rush,69.23,9.0,4.0,13,2.0,1.75,0.4236888781333764,🟠 Burst / Over,🟠 Pierde por burst/over
Aero Pegasus,5-60,Kick,57.14,4.0,3.0,7,1.25,1.67,0.2504542304090258,⚪ Datos insuficientes,⚪ Datos insuficientes
Aero Pegasus,5-60,Rush,25.0,1.0,3.0,4,3.0,1.33,0.0455860626446362,⚪ Datos insuficientes,⚪ Datos insuficientes
Aero Pegasus,6-60,Kick,50.0,2.0,2.0,4,1.0,2.0,0.1500357088201714,⚪ Datos insuficientes,⚪ Datos insuficientes
Aero Pegasus,6-60,Rush,33.33,4.0,8.0,12,1.75,1.25,0.1381178398973613,🟠 Burst / Over,🔵 Pierde por spin
Aero Pegasus,7-60,Kick,70.0,7.0,3.0,10,1.71,1.67,0.3967732199795652,🟠 Burst / Over,🟠 Pierde por burst/over
Aero Pegasus,7-60,Level,54.17,13.0,11.0,24,1.85,1.82,0.3507455355310663,🟠 Burst / Over,🟠 Pierde por burst/over
Aero Pegasus,7-60,Low Rush,67.74,21.0,10.0,31,1.71,1.1,0.501406855599508,🟠 Burst / Over,🔵 Pierde por spin
Aero Pegasus,7-60,Point,56.25,9.0,7.0,16,1.67,1.14,0.3317819560677652,🟠 Burst / Over,🔵 Pierde por spin
Aero Pegasus,7-60,Rush,70.0,7.0,3.0,10,2.0,1.33,0.3967732199795652,🟠 Burst / Over,🔵 Pierde por spin
Aero Pegasus,9-60,Rush,57.14,4.0,3.0,7,2.0,2.0,0.2504542304090258,⚪ Datos insuficientes,⚪ Datos insuficientes
Antler Stag,0-60,Ball,87.5,7.0,1.0,8,1.29,1.0,0.5291051942301385,⚪ Datos insuficientes,⚪ Datos insuficientes
Bear Scratch,1-60,Bumper,71.43,5.0,2.0,7,1.6,1.0,0.3589290901482126,⚪ Datos insuficientes,⚪ Datos insuficientes
Bite Croc,3-60,Low Flat,40.0,2.0,3.0,5,1.0,1.67,0.1176182311592532,⚪ Datos insuficientes,⚪ Datos insuficientes
Bite Croc,3-60,Rush,33.33,2.0,4.0,6,1.5,1.25,0.0967693325592168,⚪ Datos insuficientes,⚪ Datos insuficientes
Bite Croc,4-55,Under Needle,50.0,2.0,2.0,4,2.0,2.0,0.1500357088201714,⚪ Datos insuficientes,⚪ Datos insuficientes
Black Shell,1-60,Rush,47.37,9.0,10.0,19,1.89,1.1,0.2732950548744854,🟠 Burst / Over,🔵 Pierde por spin
Black Shell,4-60,Ball,25.0,1.0,3.0,4,3.0,2.0,0.0455860626446362,⚪ Datos insuficientes,⚪ Datos insuficientes
Black Shell,5-80,Taper,40.0,2.0,3.0,5,2.5,2.0,0.1176182311592532,⚪ Datos insuficientes,⚪ Datos insuficientes
Black Shell,6-60,Rush,75.0,3.0,1.0,4,1.67,1.0,0.3006360524426366,⚪ Datos insuficientes,⚪ Datos insuficientes
Cerberus Flame,4-55,Kick,71.43,5.0,2.0,7,1.6,2.0,0.3589290901482126,⚪ Datos insuficientes,⚪ Datos insuficientes
Cerberus Flame Heavy,9-60,Hexa,57.14,8.0,6.0,14,1.0,1.33,0.3259026690286936,🔵 Spin finish,🔵 Pierde por spin
Cerberus Flame Massive,3-60,Kick,66.67,8.0,4.0,12,1.88,1.0,0.3906175873976139,🟠 Burst / Over,🔵 Pierde por spin
Cerberus Flame Massive,4-55,Kick,33.33,1.0,2.0,3,3.0,2.0,0.0614903152761605,⚪ Datos insuficientes,⚪ Datos insuficientes
Clock Mirage,4-55,Low Orb,50.0,6.0,6.0,12,0.83,1.0,0.2537781703934222,🔵 Spin finish,🔵 Pierde por spin
Clock Mirage,4-55,Under Needle,80.0,4.0,1.0,5,1.0,2.0,0.3755282641185388,⚪ Datos insuficientes,⚪ Datos insuficientes
Clock Mirage,7-55,Low Orb,66.67,4.0,2.0,6,1.25,2.0,0.2999883213415286,⚪ Datos insuficientes,⚪ Datos insuficientes
Clock Mirage,7-55,Under Needle,53.85,7.0,6.0,13,1.57,1.67,0.2914343243183204,🟠 Burst / Over,🟠 Pierde por burst/over
Cobalt Dragoon,0-70,Elevate,0.0,0.0,1.0,1,0.0,2.0,0.0,⚪ Datos insuficientes,⚪ Datos insuficientes
Cobalt Dragoon,1-60,Cyclone,66.67,2.0,1.0,3,1.5,1.0,0.2076549551264878,⚪ Datos insuficientes,⚪ Datos insuficientes
Cobalt Dragoon,1-60,Elevate,66.18,45.0,23.0,68,1.49,1.87,0.5433701723652863,🔵 Spin finish,🟠 Pierde por burst/over
Cobalt Dragoon,1-60,Level,75.0,3.0,1.0,4,1.0,1.0,0.3006360524426366,⚪ Datos insuficientes,⚪ Datos insuficientes
Cobalt Dragoon,1-60,Low Flat,42.86,3.0,4.0,7,1.33,1.25,0.1582169222626268,⚪ Datos insuficientes,⚪ Datos insuficientes
Cobalt Dragoon,1-60,Point,66.67,4.0,2.0,6,1.25,1.0,0.2999883213415286,⚪ Datos insuficientes,⚪ Datos insuficientes
Cobalt Dragoon,1-70,Elevate,45.45,5.0,6.0,11,1.0,2.33,0.2127095754398804,🔵 Spin finish,🟠 Pierde por burst/over
Cobalt Dragoon,2-60,Cyclone,40.91,9.0,13.0,22,2.0,1.08,0.2325555966882037,🟠 Burst / Over,🔵 Pierde por spin
Cobalt Dragoon,3-60,Cyclone,50.0,3.0,3.0,6,0.0,0.0,0.1876128068994087,⚪ Datos insuficientes,⚪ Datos insuficientes
Cobalt Dragoon,3-60,Point,33.33,1.0,2.0,3,0.0,0.0,0.0614903152761605,⚪ Datos insuficientes,⚪ Datos insuficientes
Cobalt Dragoon,4-55,Elevate,75.0,12.0,4.0,16,1.19,1.25,0.5050123107060135,🔵 Spin finish,🔵 Pierde por spin
Cobalt Dragoon,4-55,Level,50.0,1.0,1.0,2,1.0,3.0,0.0945286548008661,⚪ Datos insuficientes,⚪ Datos insuficientes
Cobalt Dragoon,4-60,Cyclone,62.86,22.0,13.0,35,1.64,1.92,0.4633664048802107,🟠 Burst / Over,🟠 Pierde por burst/over
Cobalt Dragoon,4-60,Elevate,65.71,23.0,12.0,35,0.87,1.25,0.4915164687273671,🔵 Spin finish,🔵 Pierde por spin
Cobalt Dragoon,4-60,Glide,61.54,8.0,5.0,13,1.5,1.4,0.3552248097226855,🟠 Burst / Over,🔵 Pierde por spin
Cobalt Dragoon,4-60,Level,66.67,2.0,1.0,3,1.0,1.0,0.2076549551264878,⚪ Datos insuficientes,⚪ Datos insuficientes
Cobalt Dragoon,4-60,Low Flat,44.44,4.0,5.0,9,2.5,1.0,0.188775429471914,⚪ Datos insuficientes,⚪ Datos insuficientes
Cobalt Dragoon,4-60,Point,28.57,2.0,5.0,7,2.0,1.0,0.0822171657090155,⚪ Datos insuficientes,⚪ Datos insuficientes
Cobalt Dragoon,4-80,Elevate,100.0,4.0,0.0,4,1.25,0.0,0.5100999795960008,⚪ Datos insuficientes,⚪ Datos insuficientes
Cobalt Dragoon,5-60,Cyclone,66.67,4.0,2.0,6,2.25,1.5,0.2999883213415286,⚪ Datos insuficientes,⚪ Datos insuficientes
Cobalt Dragoon,5-60,Elevate,66.6,343.0,172.0,515,1.465,1.765,0.6241886988651185,🔵 Spin finish,🟠 Pierde por burst/over
Cobalt Dragoon,5-60,Gear Rush,100.0,1.0,0.0,1,2.0,0.0,0.2065432914738929,⚪ Datos insuficientes,⚪ Datos insuficientes
Cobalt Dragoon,5-60,Level,100.0,4.0,0.0,4,1.0,0.0,0.5100999795960008,⚪ Datos insuficientes,⚪ Datos insuficientes
Cobalt Dragoon,5-60,Point,55.56,5.0,4.0,9,1.6,1.0,0.2666473457440296,⚪ Datos insuficientes,⚪ Datos insuficientes
Cobalt Dragoon,5-70,Elevate,77.08,37.0,11.0,48,1.16,1.91,0.6346046409154885,🔵 Spin finish,🟠 Pierde por burst/over
Cobalt Dragoon,5-70,Low Flat,60.0,3.0,2.0,5,1.67,1.0,0.230719932208837,⚪ Datos insuficientes,⚪ Datos insuficientes
Cobalt Dragoon,5-70,Point,40.0,6.0,9.0,15,1.5,1.56,0.1982422808259466,🟠 Burst / Over,🟠 Pierde por burst/over
Cobalt Dragoon,5-80,Elevate,36.36,4.0,7.0,11,1.0,1.86,0.1516622361413138,🔵 Spin finish,🟠 Pierde por burst/over
Cobalt Dragoon,6-60,Elevate,61.54,8.0,5.0,13,1.63,1.6,0.3552248097226855,🟠 Burst / Over,🟠 Pierde por burst/over
Cobalt Dragoon,6-60,Point,50.0,2.0,2.0,4,1.5,1.5,0.1500357088201714,⚪ Datos insuficientes,⚪ Datos insuficientes
Cobalt Dragoon,6-60,Rush,50.0,6.0,6.0,12,1.83,1.0,0.2537781703934222,🟠 Burst / Over,🔵 Pierde por spin
Cobalt Dragoon,7-60,Cyclone,57.69,15.0,11.0,26,2.0,1.45,0.3894829692111983,🟠 Burst / Over,🔵 Pierde por spin
Cobalt Dragoon,7-60,Elevate,56.86,29.0,22.0,51,1.28,1.68,0.4326506123505808,🔵 Spin finish,🟠 Pierde por burst/over
Cobalt Dragoon,7-60,Glide,71.43,5.0,2.0,7,1.6,1.5,0.3589290901482126,⚪ Datos insuficientes,⚪ Datos insuficientes
Cobalt Dragoon,7-60,Level,66.67,8.0,4.0,12,1.5,1.5,0.3906175873976139,🟠 Burst / Over,🟠 Pierde por burst/over
Cobalt Dragoon,7-60,Point,63.16,24.0,14.0,38,1.63,2.07,0.4728367282426011,🟠 Burst / Over,🟠 Pierde por burst/over
Cobalt Dragoon,7-70,Elevate,70.83,17.0,7.0,24,1.35,2.0,0.5083193634129031,🔵 Spin finish,🟠 Pierde por burst/over
Cobalt Dragoon,9-60,Cyclone,20.0,1.0,4.0,5,1.0,1.0,0.0362231609697874,⚪ Datos insuficientes,⚪ Datos insuficientes
Cobalt Dragoon,9-60,Elevate,61.54,24.0,15.0,39,1.21,1.67,0.4589878131007847,🔵 Spin finish,🟠 Pierde por burst/over
Cobalt Dragoon,9-60,Point,20.0,1.0,4.0,5,1.0,1.5,0.0362231609697874,⚪ Datos insuficientes,⚪ Datos insuficientes
Cobalt Dragoon,9-70,Elevate,86.11,31.0,5.0,36,1.42,2.2,0.7134014871960681,🔵 Spin finish,🟠 Pierde por burst/over
Cobalt Drake,1-60,Rush,30.0,3.0,7.0,10,2.0,1.14,0.1077892874862118,🟠 Burst / Over,🔵 Pierde por spin
Cobalt Drake,1-70,Kick,37.5,3.0,5.0,8,2.0,1.2,0.136841759461521,⚪ Datos insuficientes,⚪ Datos insuficientes
Cobalt Drake,5-60,Rush,33.33,2.0,4.0,6,1.5,2.25,0.0967693325592168,⚪ Datos insuficientes,⚪ Datos insuficientes
Cobalt Drake,7-60,Level,50.0,1.0,1.0,2,1.0,1.0,0.0945286548008661,⚪ Datos insuficientes,⚪ Datos insuficientes
Cobalt Drake,9-60,Elevate,66.67,6.0,3.0,9,1.33,2.0,0.3541973474990897,⚪ Datos insuficientes,⚪ Datos insuficientes
Cobalt Drake,9-60,Jolt,33.33,2.0,4.0,6,1.0,1.75,0.0967693325592168,⚪ Datos insuficientes,⚪ Datos insuficientes
Cobalt Drake,9-60,Rush,33.33,1.0,2.0,3,2.0,3.0,0.0614903152761605,⚪ Datos insuficientes,⚪ Datos insuficientes
Crimson Garuda,4-60,Trans Point,0.0,0.0,3.0,3,0.0,1.67,0.0,⚪ Datos insuficientes,⚪ Datos insuficientes
Crimson Garuda,6-80,Rush,16.67,1.0,5.0,6,2.0,2.0,0.0300525858717302,⚪ Datos insuficientes,⚪ Datos insuficientes
Crimson Garuda,7-60,Cyclone,50.0,3.0,3.0,6,2.0,1.33,0.1876128068994087,⚪ Datos insuficientes,⚪ Datos insuficientes
Crimson Garuda,7-60,Flat,40.0,2.0,3.0,5,1.0,1.0,0.1176182311592532,⚪ Datos insuficientes,⚪ Datos insuficientes
Dragoon Storm,9-60,Elevate,76.92,10.0,3.0,13,1.5,2.0,0.4974312600487308,🟠 Burst / Over,🟠 Pierde por burst/over
Dran Brave Assault,3-60,Low Rush,40.0,2.0,3.0,5,1.5,1.67,0.1176182311592532,⚪ Datos insuficientes,⚪ Datos insuficientes
Dran Brave Heavy,5-60,Flat,33.33,1.0,2.0,3,3.0,1.5,0.0614903152761605,⚪ Datos insuficientes,⚪ Datos insuficientes
Dran Brave Slash,1-60,Low Rush,42.86,3.0,4.0,7,2.67,2.0,0.1582169222626268,⚪ Datos insuficientes,⚪ Datos insuficientes
Dran Brave Slash,1-60,Rush,66.67,2.0,1.0,3,2.0,1.0,0.2076549551264878,⚪ Datos insuficientes,⚪ Datos insuficientes
Dran Brave Slash,6-60,Vortex,50.0,2.0,2.0,4,1.5,1.0,0.1500357088201714,⚪ Datos insuficientes,⚪ Datos insuficientes
Dran Brave Slash,9-60,Low Rush,50.0,2.0,2.0,4,1.5,1.5,0.1500357088201714,⚪ Datos insuficientes,⚪ Datos insuficientes
Dran Buster,1-60,Accel,100.0,3.0,0.0,3,0.67,0.0,0.4384939195509822,⚪ Datos insuficientes,⚪ Datos insuficientes
Dran Buster,1-60,Flat,40.0,4.0,6.0,10,1.5,1.0,0.1681775812035096,🟠 Burst / Over,🔵 Pierde por spin
Dran Buster,1-60,Gear Point,28.57,2.0,5.0,7,2.0,1.6,0.0822171657090155,⚪ Datos insuficientes,⚪ Datos insuficientes
Dran Buster,1-60,Kick,50.0,3.0,3.0,6,1.67,2.0,0.1876128068994087,⚪ Datos insuficientes,⚪ Datos insuficientes
Dran Buster,1-60,Level,100.0,1.0,0.0,1,1.0,0.0,0.2065432914738929,⚪ Datos insuficientes,⚪ Datos insuficientes
Dran Buster,1-60,Low Flat,35.0,21.0,39.0,60,1.95,1.33,0.2416760172381548,🟠 Burst / Over,🔵 Pierde por spin
Dran Buster,1-60,Low Rush,33.33,5.0,10.0,15,2.0,1.3,0.1517610069469123,🟠 Burst / Over,🔵 Pierde por spin
Dran Buster,1-60,Point,47.62,10.0,11.0,21,1.8,1.73,0.2834371229676294,🟠 Burst / Over,🟠 Pierde por burst/over
Dran Buster,1-60,Rush,40.0,4.0,6.0,10,2.0,1.5,0.1681775812035096,🟠 Burst / Over,🟠 Pierde por burst/over
Dran Buster,1-60,Under Flat,50.0,5.0,5.0,10,1.8,1.4,0.2365895936154873,🟠 Burst / Over,🔵 Pierde por spin
Dran Buster,1-60,Unite,58.33,7.0,5.0,12,1.43,1.2,0.3195073356553728,🔵 Spin finish,🔵 Pierde por spin
Dran Buster,3-60,Flat,0.0,0.0,3.0,3,0.0,1.67,0.0,⚪ Datos insuficientes,⚪ Datos insuficientes
Dran Buster,3-60,Low Flat,50.0,1.0,1.0,2,2.0,2.0,0.0945286548008661,⚪ Datos insuficientes,⚪ Datos insuficientes
Dran Buster,3-60,Low Rush,50.0,3.0,3.0,6,1.67,1.67,0.1876128068994087,⚪ Datos insuficientes,⚪ Datos insuficientes
Dran Buster,3-60,Rush,50.0,3.0,3.0,6,2.33,1.67,0.1876128068994087,⚪ Datos insuficientes,⚪ Datos insuficientes
Dran Buster,3-60,Taper,25.0,1.0,3.0,4,1.0,1.0,0.0455860626446362,⚪ Datos insuficientes,⚪ Datos insuficientes
Dran Buster,3-70,Unite,75.0,3.0,1.0,4,2.67,1.0,0.3006360524426366,⚪ Datos insuficientes,⚪ Datos insuficientes
Dran Buster,4-55,Low Flat,40.0,2.0,3.0,5,2.5,1.0,0.1176182311592532,⚪ Datos insuficientes,⚪ Datos insuficientes
Dran Buster,4-60,Flat,44.44,8.0,10.0,18,1.88,1.3,0.2455923110138912,🟠 Burst / Over,🔵 Pierde por spin
Dran Buster,5-60,Low Flat,42.11,8.0,11.0,19,2.38,1.55,0.2314162039203038,🟠 Burst / Over,🟠 Pierde por burst/over
Dran Buster,7-60,Flat,40.0,2.0,3.0,5,2.0,2.33,0.1176182311592532,⚪ Datos insuficientes,⚪ Datos insuficientes
Dran Buster,7-60,Low Flat,50.0,5.0,5.0,10,1.6,1.8,0.2365895936154873,🟠 Burst / Over,🟠 Pierde por burst/over
Dran Buster,7-60,Low Rush,53.57,15.0,13.0,28,1.925,1.45,0.3581239514210166,🟠 Burst / Over,🔵 Pierde por spin
Dran Buster,7-60,Rush,100.0,3.0,0.0,3,2.33,0.0,0.4384939195509822,⚪ Datos insuficientes,⚪ Datos insuficientes
Dran Buster,7-70,Low Rush,57.14,8.0,6.0,14,1.88,1.5,0.3259026690286936,🟠 Burst / Over,🟠 Pierde por burst/over
Dran Buster,9-60,Unite,50.0,3.0,3.0,6,2.0,1.67,0.1876128068994087,⚪ Datos insuficientes,⚪ Datos insuficientes
Dran Dagger,3-60,Cyclone,0.0,0.0,2.0,2,0.0,1.0,0.0,⚪ Datos insuficientes,⚪ Datos insuficientes
Dran Dagger,3-60,Gear Flat,100.0,1.0,0.0,1,1.0,0.0,0.2065432914738929,⚪ Datos insuficientes,⚪ Datos insuficientes
Dran Dagger,3-60,Low Flat,33.33,1.0,2.0,3,3.0,1.5,0.0614903152761605,⚪ Datos insuficientes,⚪ Datos insuficientes
Dran Dagger,3-60,Taper,50.0,2.0,2.0,4,2.0,2.0,0.1500357088201714,⚪ Datos insuficientes,⚪ Datos insuficientes
Dran Dagger,4-60,Rush,31.58,6.0,13.0,19,1.67,1.38,0.1536417100442859,🟠 Burst / Over,🔵 Pierde por spin
Dran Strike,3-60,Kick,44.44,4.0,5.0,9,2.25,1.6,0.188775429471914,⚪ Datos insuficientes,⚪ Datos insuficientes
Dran Sword,3-60,Flat,33.33,6.0,12.0,18,1.5,1.42,0.1627855436366285,🟠 Burst / Over,🔵 Pierde por spin
Dran Sword,3-60,High Needle,50.0,3.0,3.0,6,1.33,2.0,0.1876128068994087,⚪ Datos insuficientes,⚪ Datos insuficientes
Dran Sword,3-60,Low Flat,28.57,2.0,5.0,7,2.5,1.4,0.0822171657090155,⚪ Datos insuficientes,⚪ Datos insuficientes
Dran Sword,3-60,Orb,0.0,0.0,1.0,1,0.0,2.0,0.0,⚪ Datos insuficientes,⚪ Datos insuficientes
Dran Sword,3-60,Point,58.33,7.0,5.0,12,1.71,1.6,0.3195073356553728,🟠 Burst / Over,🟠 Pierde por burst/over
Dran Sword,3-60,Rush,37.5,6.0,10.0,16,1.67,1.3,0.184809825547528,🟠 Burst / Over,🔵 Pierde por spin
Dran Sword,3-60,Taper,48.72,19.0,20.0,39,1.42,1.45,0.3386492878313309,🔵 Spin finish,🔵 Pierde por spin
Dran Sword,3-60,Vortex,50.0,9.0,9.0,18,2.11,1.56,0.2903070395897999,🟠 Burst / Over,🟠 Pierde por burst/over
Dran Sword,3-80,Flat,40.0,2.0,3.0,5,2.5,1.67,0.1176182311592532,⚪ Datos insuficientes,⚪ Datos insuficientes
Dran Sword,4-60,Taper,60.0,3.0,2.0,5,1.33,1.5,0.230719932208837,⚪ Datos insuficientes,⚪ Datos insuficientes
Dran Sword,4-80,Needle,50.0,2.0,2.0,4,1.5,1.5,0.1500357088201714,⚪ Datos insuficientes,⚪ Datos insuficientes
Dran Sword,5-60,Flat,25.0,1.0,3.0,4,1.0,1.67,0.0455860626446362,⚪ Datos insuficientes,⚪ Datos insuficientes
Dran Sword,5-60,Taper,37.5,3.0,5.0,8,2.0,1.0,0.136841759461521,⚪ Datos insuficientes,⚪ Datos insuficientes
Dran Sword,5-80,Flat,40.0,2.0,3.0,5,1.0,1.67,0.1176182311592532,⚪ Datos insuficientes,⚪ Datos insuficientes
Dran Sword,5-80,Orb,60.0,3.0,2.0,5,1.0,2.0,0.230719932208837,⚪ Datos insuficientes,⚪ Datos insuficientes
Dran Sword,7-60,Taper,0.0,0.0,3.0,3,0.0,2.67,0.0,⚪ Datos insuficientes,⚪ Datos insuficientes
Dran Sword,9-60,Flat,20.0,1.0,4.0,5,1.0,1.75,0.0362231609697874,⚪ Datos insuficientes,⚪ Datos insuficientes
Dran Sword,9-60,Needle,25.0,1.0,3.0,4,2.0,1.33,0.0455860626446362,⚪ Datos insuficientes,⚪ Datos insuficientes
Dran Sword,9-60,Rush,50.0,2.0,2.0,4,1.5,2.5,0.1500357088201714,⚪ Datos insuficientes,⚪ Datos insuficientes
Dran Sword,9-60,Taper,50.0,4.0,4.0,8,1.25,1.5,0.2152125268244419,⚪ Datos insuficientes,⚪ Datos insuficientes
Dran Sword Free,3-60,Flat,0.0,0.0,3.0,3,0.0,0.0,0.0,⚪ Datos insuficientes,⚪ Datos insuficientes
Driger S,1-60,Unite,33.33,1.0,2.0,3,2.0,1.0,0.0614903152761605,⚪ Datos insuficientes,⚪ Datos insuficientes
Emperor Might Bumper,5-60,High Needle,50.0,4.0,4.0,8,1.0,2.0,0.2152125268244419,⚪ Datos insuficientes,⚪ Datos insuficientes
Emperor Might Heavy,9-60,Free Ball,33.33,2.0,4.0,6,1.0,1.25,0.0967693325592168,⚪ Datos insuficientes,⚪ Datos insuficientes
Emperor Might Round,9-60,Under Needle,75.0,3.0,1.0,4,1.0,1.0,0.3006360524426366,⚪ Datos insuficientes,⚪ Datos insuficientes
Fort Hornet Heavy,4-50,Ball,71.43,5.0,2.0,7,1.0,1.0,0.3589290901482126,⚪ Datos insuficientes,⚪ Datos insuficientes
Fox Brush Jaggy,1-60,Rush,28.57,2.0,5.0,7,1.5,1.4,0.0822171657090155,⚪ Datos insuficientes,⚪ Datos insuficientes
Fox Brush Slash,1-60,Low Flat,0.0,0.0,5.0,5,0.0,1.2,0.0,⚪ Datos insuficientes,⚪ Datos insuficientes
Ghost Circle,0-80,Low Orb,60.0,3.0,2.0,5,1.0,1.5,0.230719932208837,⚪ Datos insuficientes,⚪ Datos insuficientes
Ghost Circle,3-60,Low Orb,63.33,19.0,11.0,30,1.32,1.45,0.4551324643360493,🔵 Spin finish,🔵 Pierde por spin
Ghost Circle,9-60,Free Ball,50.0,2.0,2.0,4,1.5,2.0,0.1500357088201714,⚪ Datos insuficientes,⚪ Datos insuficientes
Ghost Circle,9-80,Low Orb,12.5,1.0,7.0,8,1.0,1.43,0.0224169088632961,⚪ Datos insuficientes,⚪ Datos insuficientes
Golem Rock,0-80,High Needle,61.54,8.0,5.0,13,1.13,2.0,0.3552248097226855,🔵 Spin finish,🟠 Pierde por burst/over
Golem Rock,1-60,Low Orb,100.0,1.0,0.0,1,1.0,0.0,0.2065432914738929,⚪ Datos insuficientes,⚪ Datos insuficientes
Golem Rock,1-60,Under Needle,42.11,8.0,11.0,19,1.88,2.0,0.2314162039203038,🟠 Burst / Over,🟠 Pierde por burst/over
Golem Rock,1-60,Unite,25.0,1.0,3.0,4,3.0,1.33,0.0455860626446362,⚪ Datos insuficientes,⚪ Datos insuficientes
Golem Rock,1-60,Wedge,100.0,1.0,0.0,1,1.0,0.0,0.2065432914738929,⚪ Datos insuficientes,⚪ Datos insuficientes
Golem Rock,3-60,Free Ball,100.0,8.0,0.0,8,1.38,0.0,0.6755843804891231,⚪ Datos insuficientes,⚪ Datos insuficientes
Golem Rock,5-60,Hexa,50.0,2.0,2.0,4,1.0,1.5,0.1500357088201714,⚪ Datos insuficientes,⚪ Datos insuficientes
Golem Rock,6-60,Low Rush,50.0,3.0,3.0,6,1.33,1.67,0.1876128068994087,⚪ Datos insuficientes,⚪ Datos insuficientes
Golem Rock,6-60,Rush,100.0,1.0,0.0,1,1.0,0.0,0.2065432914738929,⚪ Datos insuficientes,⚪ Datos insuficientes
Golem Rock,6-60,Under Flat,0.0,0.0,2.0,2,0.0,1.5,0.0,⚪ Datos insuficientes,⚪ Datos insuficientes
Golem Rock,6-80,Hexa,83.33,5.0,1.0,6,1.4,2.0,0.4364905634363539,⚪ Datos insuficientes,⚪ Datos insuficientes
Golem Rock,6-80,Low Orb,71.43,5.0,2.0,7,2.0,2.0,0.3589290901482126,⚪ Datos insuficientes,⚪ Datos insuficientes
Golem Rock,7-60,Low Rush,25.0,1.0,3.0,4,2.0,1.67,0.0455860626446362,⚪ Datos insuficientes,⚪ Datos insuficientes
Golem Rock,7-60,Orb,33.33,1.0,2.0,3,1.0,2.0,0.0614903152761605,⚪ Datos insuficientes,⚪ Datos insuficientes
Golem Rock,9-60,Low Flat,0.0,0.0,2.0,2,0.0,1.5,0.0,⚪ Datos insuficientes,⚪ Datos insuficientes
Golem Rock,9-60,Low Orb,70.37,19.0,8.0,27,1.37,1.88,0.515189666191624,🔵 Spin finish,🟠 Pierde por burst/over
Golem Rock,9-60,Under Needle,70.0,7.0,3.0,10,1.57,2.0,0.3967732199795652,🟠 Burst / Over,🟠 Pierde por burst/over
Golem Rock,9-60,Unite,40.0,2.0,3.0,5,1.5,2.67,0.1176182311592532,⚪ Datos insuficientes,⚪ Datos insuficientes
Hells Chain,3-80,Point,33.33,2.0,4.0,6,3.0,1.5,0.0967693325592168,⚪ Datos insuficientes,⚪ Datos insuficientes
Hells Chain,5-60,Ball,28.57,2.0,5.0,7,1.5,1.8,0.0822171657090155,⚪ Datos insuficientes,⚪ Datos insuficientes
Hells Chain,5-60,Dot,45.83,11.0,13.0,24,1.73,1.62,0.2789105835168142,🟠 Burst / Over,🟠 Pierde por burst/over
Hells Chain,5-60,Free Ball,12.5,1.0,7.0,8,1.0,1.43,0.0224169088632961,⚪ Datos insuficientes,⚪ Datos insuficientes
Hells Chain,5-60,Hexa,33.33,3.0,6.0,9,1.67,1.33,0.1205815986827429,⚪ Datos insuficientes,⚪ Datos insuficientes
Hells Chain,5-60,High Needle,50.0,2.0,2.0,4,1.5,1.5,0.1500357088201714,⚪ Datos insuficientes,⚪ Datos insuficientes
Hells Chain,5-60,High Taper,66.67,8.0,4.0,12,1.735,2.75,0.3906175873976139,🟠 Burst / Over,🟢 Pierde por xtreme
Hells Chain,5-60,Needle,0.0,0.0,1.0,1,0.0,2.0,0.0,⚪ Datos insuficientes,⚪ Datos insuficientes
Hells Chain,5-60,Point,36.36,4.0,7.0,11,2.5,1.29,0.1516622361413138,🟢 Xtreme finish,🔵 Pierde por spin
Hells Chain,5-60,Taper,60.0,3.0,2.0,5,1.33,1.5,0.230719932208837,⚪ Datos insuficientes,⚪ Datos insuficientes
Hells Chain,9-60,Needle,66.67,2.0,1.0,3,1.5,1.0,0.2076549551264878,⚪ Datos insuficientes,⚪ Datos insuficientes
Hells Chain,9-60,Taper,50.0,1.0,1.0,2,1.0,2.0,0.0945286548008661,⚪ Datos insuficientes,⚪ Datos insuficientes
Hells Chain,9-80,Dot,60.0,6.0,4.0,10,1.83,1.25,0.3126695474501863,🟠 Burst / Over,🔵 Pierde por spin
Hells Chain,9-80,Kick,50.0,4.0,4.0,8,1.0,1.25,0.2152125268244419,⚪ Datos insuficientes,⚪ Datos insuficientes
Hells Chain,9-80,Needle,56.25,9.0,7.0,16,1.33,1.86,0.3317819560677652,🔵 Spin finish,🟠 Pierde por burst/over
Hells Hammer,1-60,Rush,50.0,4.0,4.0,8,1.0,1.0,0.2152125268244419,⚪ Datos insuficientes,⚪ Datos insuficientes
Hells Hammer,3-60,Cyclone,25.0,1.0,3.0,4,1.0,1.33,0.0455860626446362,⚪ Datos insuficientes,⚪ Datos insuficientes
Hells Hammer,3-60,Flat,25.0,1.0,3.0,4,1.0,1.33,0.0455860626446362,⚪ Datos insuficientes,⚪ Datos insuficientes
Hells Hammer,3-60,Hexa,25.0,1.0,3.0,4,2.0,1.67,0.0455860626446362,⚪ Datos insuficientes,⚪ Datos insuficientes
Hells Hammer,3-60,High Taper,50.0,5.0,5.0,10,1.4,2.4,0.2365895936154873,🔵 Spin finish,🟠 Pierde por burst/over
Hells Hammer,3-70,Flat,20.0,1.0,4.0,5,2.0,1.25,0.0362231609697874,⚪ Datos insuficientes,⚪ Datos insuficientes
Hells Hammer,3-70,Hexa,50.0,2.0,2.0,4,2.0,2.0,0.1500357088201714,⚪ Datos insuficientes,⚪ Datos insuficientes
Hells Hammer,3-70,Jolt,26.67,4.0,11.0,15,1.75,1.36,0.1089727610318281,🟠 Burst / Over,🔵 Pierde por spin
Hells Hammer,3-70,Kick,50.0,2.0,2.0,4,2.0,1.0,0.1500357088201714,⚪ Datos insuficientes,⚪ Datos insuficientes
Hells Hammer,3-70,Rush,55.0,33.0,27.0,60,1.73,1.33,0.424917145489815,🟠 Burst / Over,🔵 Pierde por spin
Hells Hammer,3-80,Low Flat,33.33,1.0,2.0,3,2.0,1.5,0.0614903152761605,⚪ Datos insuficientes,⚪ Datos insuficientes
Hells Hammer,3-85,Low Rush,75.0,3.0,1.0,4,1.67,3.0,0.3006360524426366,⚪ Datos insuficientes,⚪ Datos insuficientes
Hells Hammer,5-80,Rush,14.29,1.0,6.0,7,3.0,1.17,0.0256789559489747,⚪ Datos insuficientes,⚪ Datos insuficientes
Hells Hammer,7-60,Ball,57.14,4.0,3.0,7,1.5,1.67,0.2504542304090258,⚪ Datos insuficientes,⚪ Datos insuficientes
Hells Hammer,9-60,Low Flat,0.0,0.0,3.0,3,0.0,1.33,0.0,⚪ Datos insuficientes,⚪ Datos insuficientes
Hells Hammer,9-60,Rush,38.24,13.0,21.0,34,2.0,1.62,0.2389996485160878,🟠 Burst / Over,🟠 Pierde por burst/over
Hells Reaper Charge,9-60,Ball,16.67,1.0,5.0,6,2.0,1.6,0.0300525858717302,⚪ Datos insuficientes,⚪ Datos insuficientes
Hells Reaper Jaggy,7-60,Kick,50.0,1.0,1.0,2,1.0,2.0,0.0945286548008661,⚪ Datos insuficientes,⚪ Datos insuficientes
Hells Reaper Round,9-60,Kick,50.0,3.0,3.0,6,2.33,1.67,0.1876128068994087,⚪ Datos insuficientes,⚪ Datos insuficientes
Hells Reaper Turn,1-60,Hexa,0.0,0.0,2.0,2,0.0,2.0,0.0,⚪ Datos insuficientes,⚪ Datos insuficientes
Hells Reaper Turn,4-70,Kick,40.0,2.0,3.0,5,1.5,1.0,0.1176182311592532,⚪ Datos insuficientes,⚪ Datos insuficientes
Hells Scythe,1-60,Ball,75.0,3.0,1.0,4,1.67,2.0,0.3006360524426366,⚪ Datos insuficientes,⚪ Datos insuficientes
Hells Scythe,1-60,Kick,50.0,3.0,3.0,6,2.0,1.67,0.1876128068994087,⚪ Datos insuficientes,⚪ Datos insuficientes
Hells Scythe,1-60,Taper,25.0,1.0,3.0,4,2.0,1.67,0.0455860626446362,⚪ Datos insuficientes,⚪ Datos insuficientes
Hells Scythe,1-80,Rubber Accel,50.0,4.0,4.0,8,1.0,1.0,0.2152125268244419,⚪ Datos insuficientes,⚪ Datos insuficientes
Hells Scythe,3-60,Ball,64.81,35.0,19.0,54,1.43,1.79,0.5148458381779774,🔵 Spin finish,🟠 Pierde por burst/over
Hells Scythe,3-60,Free Ball,77.97,46.0,13.0,59,1.37,2.23,0.6586705755334911,🔵 Spin finish,🟠 Pierde por burst/over
Hells Scythe,3-60,Taper,44.0,11.0,14.0,25,1.64,1.71,0.2666537494700257,🟠 Burst / Over,🟠 Pierde por burst/over
Hells Scythe,3-70,Kick,66.67,4.0,2.0,6,0.75,1.0,0.2999883213415286,⚪ Datos insuficientes,⚪ Datos insuficientes
Hells Scythe,3-70,Point,87.5,7.0,1.0,8,1.71,2.0,0.5291051942301385,⚪ Datos insuficientes,⚪ Datos insuficientes
Hells Scythe,3-80,Ball,50.0,5.0,5.0,10,1.0,1.8,0.2365895936154873,🔵 Spin finish,🟠 Pierde por burst/over
Hells Scythe,3-80,Taper,50.0,1.0,1.0,2,1.0,1.0,0.0945286548008661,⚪ Datos insuficientes,⚪ Datos insuficientes
Hells Scythe,4-60,Ball,60.0,6.0,4.0,10,1.5,2.0,0.3126695474501863,🟠 Burst / Over,🟠 Pierde por burst/over
Hells Scythe,4-60,Gear Ball,0.0,0.0,3.0,3,0.0,2.33,0.0,⚪ Datos insuficientes,⚪ Datos insuficientes
Hells Scythe,4-60,Needle,36.36,4.0,7.0,11,1.75,1.14,0.1516622361413138,🟠 Burst / Over,🔵 Pierde por spin
Hells Scythe,4-60,Taper,13.33,2.0,13.0,15,0.25,1.5,0.0373604698913592,⚫ Alta tendencia a perder,🟠 Pierde por burst/over
Hells Scythe,5-60,Ball,33.33,2.0,4.0,6,2.0,1.5,0.0967693325592168,⚪ Datos insuficientes,⚪ Datos insuficientes
Hells Scythe,5-60,Disc Ball,100.0,4.0,0.0,4,1.5,0.0,0.5100999795960008,⚪ Datos insuficientes,⚪ Datos insuficientes
Hells Scythe,5-60,Free Ball,50.0,2.0,2.0,4,1.0,1.0,0.1500357088201714,⚪ Datos insuficientes,⚪ Datos insuficientes
Hells Scythe,5-60,Orb,58.33,7.0,5.0,12,2.0,1.4,0.3195073356553728,🟠 Burst / Over,🔵 Pierde por spin
Hells Scythe,5-60,Point,33.33,1.0,2.0,3,1.0,2.5,0.0614903152761605,⚪ Datos insuficientes,⚪ Datos insuficientes
Hells Scythe,5-60,Taper,25.0,1.0,3.0,4,1.0,1.0,0.0455860626446362,⚪ Datos insuficientes,⚪ Datos insuficientes
Hells Scythe,5-70,Ball,50.0,2.0,2.0,4,1.0,1.5,0.1500357088201714,⚪ Datos insuficientes,⚪ Datos insuficientes
Hells Scythe,5-80,Orb,50.0,2.0,2.0,4,1.5,2.0,0.1500357088201714,⚪ Datos insuficientes,⚪ Datos insuficientes
Hells Scythe,9-60,Ball,64.71,132.0,72.0,204,1.42,1.67,0.5793138542867039,🔵 Spin finish,🟠 Pierde por burst/over
Hells Scythe,9-60,Disc Ball,75.0,3.0,1.0,4,1.33,1.0,0.3006360524426366,⚪ Datos insuficientes,⚪ Datos insuficientes
Hells Scythe,9-60,Free Ball,65.71,23.0,12.0,35,1.26,1.83,0.4915164687273671,🔵 Spin finish,🟠 Pierde por burst/over
Hells Scythe,9-60,Low Orb,33.33,1.0,2.0,3,3.0,2.5,0.0614903152761605,⚪ Datos insuficientes,⚪ Datos insuficientes
Hells Scythe,9-60,Low Rush,42.86,3.0,4.0,7,1.67,1.5,0.1582169222626268,⚪ Datos insuficientes,⚪ Datos insuficientes
Hells Scythe,9-60,Needle,37.5,6.0,10.0,16,1.33,1.2,0.184809825547528,🔵 Spin finish,🔵 Pierde por spin
Hells Scythe,9-60,Orb,54.55,18.0,15.0,33,1.39,1.53,0.3798565794374957,🔵 Spin finish,🟠 Pierde por burst/over
Hells Scythe,9-70,Ball,60.0,9.0,6.0,15,1.44,2.67,0.357464427565077,🔵 Spin finish,🟢 Pierde por xtreme
Hover Wyvern,1-60,Free Ball,0.0,0.0,2.0,2,0.0,2.5,0.0,⚪ Datos insuficientes,⚪ Datos insuficientes
Hover Wyvern,1-60,Kick,75.0,3.0,1.0,4,1.67,2.0,0.3006360524426366,⚪ Datos insuficientes,⚪ Datos insuficientes
Hover Wyvern,1-60,Low Rush,48.84,21.0,22.0,43,1.67,1.32,0.34617209277756,🟠 Burst / Over,🔵 Pierde por spin
Hover Wyvern,7-60,Kick,66.67,8.0,4.0,12,1.375,1.0,0.3906175873976139,🔵 Spin finish,🔵 Pierde por spin
Hover Wyvern,7-60,Level,33.33,1.0,2.0,3,2.0,2.0,0.0614903152761605,⚪ Datos insuficientes,⚪ Datos insuficientes
Hover Wyvern,7-60,Low Rush,54.55,6.0,5.0,11,1.83,2.2,0.2800877556899882,🟠 Burst / Over,🟠 Pierde por burst/over
Hover Wyvern,9-60,Kick,100.0,3.0,0.0,3,1.33,0.0,0.4384939195509822,⚪ Datos insuficientes,⚪ Datos insuficientes
Hover Wyvern,9-60,Taper,25.0,1.0,3.0,4,2.0,1.33,0.0455860626446362,⚪ Datos insuficientes,⚪ Datos insuficientes
Hover Wyvern,9-60,Under Needle,0.0,0.0,2.0,2,0.0,1.0,0.0,⚪ Datos insuficientes,⚪ Datos insuficientes
Impact Drake,1-60,Low Flat,57.14,4.0,3.0,7,1.75,1.67,0.2504542304090258,⚪ Datos insuficientes,⚪ Datos insuficientes
Impact Drake,1-60,Taper,100.0,2.0,0.0,2,2.5,0.0,0.3423719528896193,⚪ Datos insuficientes,⚪ Datos insuficientes
Impact Drake,1-60,Under Needle,100.0,1.0,0.0,1,2.0,0.0,0.2065432914738929,⚪ Datos insuficientes,⚪ Datos insuficientes
Impact Drake,3-60,Rush,33.33,1.0,2.0,3,2.0,1.5,0.0614903152761605,⚪ Datos insuficientes,⚪ Datos insuficientes
Impact Drake,3-60,Unite,16.67,1.0,5.0,6,2.0,1.6,0.0300525858717302,⚪ Datos insuficientes,⚪ Datos insuficientes
Impact Drake,3-80,Taper,20.0,1.0,4.0,5,2.0,1.25,0.0362231609697874,⚪ Datos insuficientes,⚪ Datos insuficientes
Impact Drake,4-60,Low Flat,50.0,2.0,2.0,4,2.5,1.0,0.1500357088201714,⚪ Datos insuficientes,⚪ Datos insuficientes
Impact Drake,4-60,Under Needle,50.0,1.0,1.0,2,1.0,1.0,0.0945286548008661,⚪ Datos insuficientes,⚪ Datos insuficientes
Impact Drake,4-70,Level,64.29,9.0,5.0,14,1.44,1.2,0.3876400468214041,🔵 Spin finish,🔵 Pierde por spin
Impact Drake,5-60,Gear Point,40.0,2.0,3.0,5,1.5,1.33,0.1176182311592532,⚪ Datos insuficientes,⚪ Datos insuficientes
Impact Drake,5-60,Level,20.0,1.0,4.0,5,2.0,1.5,0.0362231609697874,⚪ Datos insuficientes,⚪ Datos insuficientes
Impact Drake,5-60,Low Rush,30.77,4.0,9.0,13,2.0,1.56,0.1268049716161809,🟠 Burst / Over,🟠 Pierde por burst/over
Impact Drake,5-60,Rush,50.0,1.0,1.0,2,2.0,2.0,0.0945286548008661,⚪ Datos insuficientes,⚪ Datos insuficientes
Impact Drake,6-60,Vortex,33.33,2.0,4.0,6,1.5,1.0,0.0967693325592168,⚪ Datos insuficientes,⚪ Datos insuficientes
Impact Drake,7-60,Rush,100.0,3.0,0.0,3,1.67,0.0,0.4384939195509822,⚪ Datos insuficientes,⚪ Datos insuficientes
Impact Drake,7-60,Zap,0.0,0.0,3.0,3,0.0,1.33,0.0,⚪ Datos insuficientes,⚪ Datos insuficientes
Impact Drake,9-60,Level,57.89,11.0,8.0,19,1.82,1.5,0.3627555146516011,🟠 Burst / Over,🟠 Pierde por burst/over
Impact Drake,9-60,Low Rush,44.0,11.0,14.0,25,1.45,1.36,0.2666537494700257,🔵 Spin finish,🔵 Pierde por spin
Impact Drake,9-60,Point,20.0,1.0,4.0,5,2.0,2.0,0.0362231609697874,⚪ Datos insuficientes,⚪ Datos insuficientes
Impact Drake,9-60,Rush,25.0,1.0,3.0,4,1.0,1.33,0.0455860626446362,⚪ Datos insuficientes,⚪ Datos insuficientes
Knife Shinobi,9-60,Gear Flat,40.0,2.0,3.0,5,2.0,2.33,0.1176182311592532,⚪ Datos insuficientes,⚪ Datos insuficientes
Knight Lance,1-60,Hexa,40.0,2.0,3.0,5,1.5,1.0,0.1176182311592532,⚪ Datos insuficientes,⚪ Datos insuficientes
Knight Lance,3-60,Hexa,50.0,2.0,2.0,4,2.0,1.5,0.1500357088201714,⚪ Datos insuficientes,⚪ Datos insuficientes
Knight Lance,3-60,Low Flat,33.33,2.0,4.0,6,2.5,2.25,0.0967693325592168,⚪ Datos insuficientes,⚪ Datos insuficientes
Knight Lance,3-80,High Needle,28.57,2.0,5.0,7,1.0,1.0,0.0822171657090155,⚪ Datos insuficientes,⚪ Datos insuficientes
Knight Lance,4-60,Gear Ball,50.0,2.0,2.0,4,1.0,2.0,0.1500357088201714,⚪ Datos insuficientes,⚪ Datos insuficientes
Knight Lance,4-80,High Needle,50.0,2.0,2.0,4,0.0,0.0,0.1500357088201714,⚪ Datos insuficientes,⚪ Datos insuficientes
Knight Mail,0-70,Wedge,66.67,6.0,3.0,9,1.33,2.0,0.3541973474990897,⚪ Datos insuficientes,⚪ Datos insuficientes
Knight Mail,1-60,Low Flat,25.0,3.0,9.0,12,2.0,1.22,0.0889400396289613,🟠 Burst / Over,🔵 Pierde por spin
Knight Mail,1-60,Low Rush,70.0,7.0,3.0,10,1.86,1.33,0.3967732199795652,🟠 Burst / Over,🔵 Pierde por spin
Knight Mail,1-60,Rush,56.1,23.0,18.0,41,1.975,1.69,0.410402651517573,🟠 Burst / Over,🟠 Pierde por burst/over
Knight Mail,1-60,Taper,16.67,1.0,5.0,6,2.0,1.2,0.0300525858717302,⚪ Datos insuficientes,⚪ Datos insuficientes
Knight Mail,3-60,Level,33.33,1.0,2.0,3,3.0,1.5,0.0614903152761605,⚪ Datos insuficientes,⚪ Datos insuficientes
Knight Mail,3-60,Low Rush,66.67,4.0,2.0,6,1.25,1.0,0.2999883213415286,⚪ Datos insuficientes,⚪ Datos insuficientes
Knight Mail,3-60,Point,75.0,3.0,1.0,4,1.67,1.0,0.3006360524426366,⚪ Datos insuficientes,⚪ Datos insuficientes
Knight Mail,3-60,Unite,100.0,2.0,0.0,2,1.0,0.0,0.3423719528896193,⚪ Datos insuficientes,⚪ Datos insuficientes
Knight Mail,5-60,Low Rush,16.67,2.0,10.0,12,1.5,1.8,0.0469641476148222,🟠 Burst / Over,🟠 Pierde por burst/over
Knight Mail,5-60,Rush,40.0,2.0,3.0,5,1.5,1.33,0.1176182311592532,⚪ Datos insuficientes,⚪ Datos insuficientes
Knight Mail,7-60,Low Rush,33.33,1.0,2.0,3,2.0,1.5,0.0614903152761605,⚪ Datos insuficientes,⚪ Datos insuficientes
Knight Mail,9-60,Bound Spike,77.78,7.0,2.0,9,1.43,1.5,0.4525833436728054,⚪ Datos insuficientes,⚪ Datos insuficientes
Knight Mail,9-60,Free Ball,72.22,26.0,10.0,36,1.565,1.89,0.5600719978365485,🟠 Burst / Over,🟠 Pierde por burst/over
Knight Mail,9-60,High Needle,50.0,7.0,7.0,14,1.43,2.14,0.2679886791947528,🔵 Spin finish,🟠 Pierde por burst/over
Knight Mail,9-60,Jolt,25.0,2.0,6.0,8,1.0,1.33,0.0714776888580276,⚪ Datos insuficientes,⚪ Datos insuficientes
Knight Mail,9-60,Low Orb,54.55,6.0,5.0,11,2.0,2.0,0.2800877556899882,🟠 Burst / Over,🟠 Pierde por burst/over
Knight Mail,9-60,Low Rush,85.71,6.0,1.0,7,1.33,1.0,0.4868654966809702,⚪ Datos insuficientes,⚪ Datos insuficientes
Knight Mail,9-60,Rush,100.0,1.0,0.0,1,2.0,0.0,0.2065432914738929,⚪ Datos insuficientes,⚪ Datos insuficientes
Knight Mail,9-60,Taper,0.0,0.0,2.0,2,0.0,2.0,0.0,⚪ Datos insuficientes,⚪ Datos insuficientes
Knight Mail,9-60,Under Needle,40.0,2.0,3.0,5,1.5,1.33,0.1176182311592532,⚪ Datos insuficientes,⚪ Datos insuficientes
Knight Mail,9-60,Unite,50.0,3.0,3.0,6,1.0,1.67,0.1876128068994087,⚪ Datos insuficientes,⚪ Datos insuficientes
Knight Mail,9-80,Hexa,0.0,0.0,2.0,2,0.0,2.5,0.0,⚪ Datos insuficientes,⚪ Datos insuficientes
Knight Shield,1-60,Hexa,38.89,7.0,11.0,18,1.43,1.36,0.2030499192693116,🔵 Spin finish,🔵 Pierde por spin
Knight Shield,1-60,Low Orb,28.57,2.0,5.0,7,1.5,1.4,0.0822171657090155,⚪ Datos insuficientes,⚪ Datos insuficientes
Knight Shield,1-70,Taper,50.0,4.0,4.0,8,1.5,1.25,0.2152125268244419,⚪ Datos insuficientes,⚪ Datos insuficientes
Knight Shield,3-60,High Needle,25.0,1.0,3.0,4,2.0,1.67,0.0455860626446362,⚪ Datos insuficientes,⚪ Datos insuficientes
Knight Shield,3-60,Under Needle,85.71,6.0,1.0,7,1.33,2.0,0.4868654966809702,⚪ Datos insuficientes,⚪ Datos insuficientes
Knight Shield,3-60,Wedge,50.0,2.0,2.0,4,1.0,1.5,0.1500357088201714,⚪ Datos insuficientes,⚪ Datos insuficientes
Knight Shield,3-70,Low Rush,40.0,2.0,3.0,5,2.0,1.33,0.1176182311592532,⚪ Datos insuficientes,⚪ Datos insuficientes
Knight Shield,3-80,Dot,60.0,3.0,2.0,5,1.33,2.0,0.230719932208837,⚪ Datos insuficientes,⚪ Datos insuficientes
Knight Shield,3-80,Needle,75.0,6.0,2.0,8,2.0,1.5,0.4092698791025891,⚪ Datos insuficientes,⚪ Datos insuficientes
Knight Shield,4-60,Ball,60.0,6.0,4.0,10,1.67,1.25,0.3126695474501863,🟠 Burst / Over,🔵 Pierde por spin
Knight Shield,4-60,Orb,25.0,1.0,3.0,4,1.0,1.67,0.0455860626446362,⚪ Datos insuficientes,⚪ Datos insuficientes
Knight Shield,4-60,Taper,50.0,5.0,5.0,10,1.8,1.0,0.2365895936154873,🟠 Burst / Over,🔵 Pierde por spin
Knight Shield,5-60,Gear Ball,33.33,1.0,2.0,3,1.0,1.5,0.0614903152761605,⚪ Datos insuficientes,⚪ Datos insuficientes
Knight Shield,5-60,Hexa,45.45,5.0,6.0,11,2.6,1.17,0.2127095754398804,🟢 Xtreme finish,🔵 Pierde por spin
Knight Shield,5-60,High Taper,50.0,2.0,2.0,4,1.5,1.5,0.1500357088201714,⚪ Datos insuficientes,⚪ Datos insuficientes
Knight Shield,5-80,Ball,50.0,4.0,4.0,8,1.0,1.5,0.2152125268244419,⚪ Datos insuficientes,⚪ Datos insuficientes
Knight Shield,5-80,Needle,50.0,1.0,1.0,2,1.0,2.0,0.0945286548008661,⚪ Datos insuficientes,⚪ Datos insuficientes
Knight Shield,7-70,Hexa,25.0,1.0,3.0,4,1.0,2.0,0.0455860626446362,⚪ Datos insuficientes,⚪ Datos insuficientes
Knight Shield,9-60,Ball,50.0,2.0,2.0,4,1.5,2.5,0.1500357088201714,⚪ Datos insuficientes,⚪ Datos insuficientes
Knight Shield,9-60,Taper,75.0,9.0,3.0,12,1.89,1.33,0.4676896608793401,🟠 Burst / Over,🔵 Pierde por spin
Knight Shield,9-70,Needle,50.0,4.0,4.0,8,1.25,2.0,0.2152125268244419,⚪ Datos insuficientes,⚪ Datos insuficientes
Leon Claw,4-80,Point,0.0,0.0,2.0,2,0.0,2.0,0.0,⚪ Datos insuficientes,⚪ Datos insuficientes
Leon Claw,5-60,Point,42.86,3.0,4.0,7,1.0,1.5,0.1582169222626268,⚪ Datos insuficientes,⚪ Datos insuficientes
Leon Claw,5-70,Taper,0.0,0.0,3.0,3,0.0,1.67,0.0,⚪ Datos insuficientes,⚪ Datos insuficientes
Leon Claw,7-70,Taper,62.5,5.0,3.0,8,2.0,1.0,0.3057378545838018,⚪ Datos insuficientes,⚪ Datos insuficientes
Leon Claw,9-60,Taper,66.67,4.0,2.0,6,2.25,1.5,0.2999883213415286,⚪ Datos insuficientes,⚪ Datos insuficientes
Leon Crest,1-80,Ball,0.0,0.0,3.0,3,0.0,1.33,0.0,⚪ Datos insuficientes,⚪ Datos insuficientes
Leon Crest,3-60,Orb,75.0,6.0,2.0,8,0.83,1.0,0.4092698791025891,⚪ Datos insuficientes,⚪ Datos insuficientes
Leon Crest,4-60,Dot,28.57,2.0,5.0,7,2.0,2.0,0.0822171657090155,⚪ Datos insuficientes,⚪ Datos insuficientes
Leon Crest,4-60,Needle,33.33,1.0,2.0,3,2.0,2.0,0.0614903152761605,⚪ Datos insuficientes,⚪ Datos insuficientes
Leon Crest,5-60,Ball,45.45,5.0,6.0,11,1.4,2.0,0.2127095754398804,🔵 Spin finish,🟠 Pierde por burst/over
Leon Crest,7-60,Free Ball,75.0,3.0,1.0,4,2.0,2.0,0.3006360524426366,⚪ Datos insuficientes,⚪ Datos insuficientes
Leon Crest,7-60,Hexa,36.36,8.0,14.0,22,1.75,1.29,0.1973297277260789,🟠 Burst / Over,🔵 Pierde por spin
Leon Crest,7-60,Orb,37.5,3.0,5.0,8,1.0,1.0,0.136841759461521,⚪ Datos insuficientes,⚪ Datos insuficientes
Leon Crest,7-60,Point,28.57,2.0,5.0,7,1.0,1.0,0.0822171657090155,⚪ Datos insuficientes,⚪ Datos insuficientes
Leon Crest,9-60,Ball,57.14,4.0,3.0,7,1.25,1.0,0.2504542304090258,⚪ Datos insuficientes,⚪ Datos insuficientes
Leon Crest,9-60,Orb,71.43,5.0,2.0,7,1.8,2.5,0.3589290901482126,⚪ Datos insuficientes,⚪ Datos insuficientes
Leon Crest,9-60,Wedge,60.0,3.0,2.0,5,1.0,2.0,0.230719932208837,⚪ Datos insuficientes,⚪ Datos insuficientes
Leon Crest,9-70,High Taper,0.0,0.0,2.0,2,0.0,1.5,0.0,⚪ Datos insuficientes,⚪ Datos insuficientes
Leon Crest,9-70,Orb,0.0,0.0,5.0,5,0.0,1.4,0.0,⚪ Datos insuficientes,⚪ Datos insuficientes
Lightning L-Drago,7-60,Low Rush,50.0,2.0,2.0,4,2.0,1.0,0.1500357088201714,⚪ Datos insuficientes,⚪ Datos insuficientes
Lightning L-Drago Assault,1-60,Low Rush,50.0,2.0,2.0,4,1.0,1.5,0.1500357088201714,⚪ Datos insuficientes,⚪ Datos insuficientes
Lightning L-Drago Assault,5-60,Low Flat,16.67,1.0,5.0,6,2.0,1.2,0.0300525858717302,⚪ Datos insuficientes,⚪ Datos insuficientes
Lightning L-Drago Assault,7-60,Level,100.0,1.0,0.0,1,1.0,0.0,0.2065432914738929,⚪ Datos insuficientes,⚪ Datos insuficientes
Lightning L-Drago Barrage,7-60,Flat,20.0,1.0,4.0,5,3.0,1.0,0.0362231609697874,⚪ Datos insuficientes,⚪ Datos insuficientes
Lightning L-Drago Barrage,7-60,Low Flat,42.86,3.0,4.0,7,1.33,1.75,0.1582169222626268,⚪ Datos insuficientes,⚪ Datos insuficientes
Lightning L-Drago Barrage,9-60,Elevate,50.0,2.0,2.0,4,1.5,1.5,0.1500357088201714,⚪ Datos insuficientes,⚪ Datos insuficientes
Mammoth Tusk,3-60,Taper,40.0,2.0,3.0,5,1.0,2.0,0.1176182311592532,⚪ Datos insuficientes,⚪ Datos insuficientes
Mammoth Tusk,7-60,Level,20.0,1.0,4.0,5,1.0,2.25,0.0362231609697874,⚪ Datos insuficientes,⚪ Datos insuficientes
Mammoth Tusk,9-60,Ball,25.0,1.0,3.0,4,1.0,1.0,0.0455860626446362,⚪ Datos insuficientes,⚪ Datos insuficientes
Mammoth Tusk,9-60,Orb,50.0,6.0,6.0,12,1.17,1.17,0.2537781703934222,🔵 Spin finish,🔵 Pierde por spin
Meteor Dragoon,0-60,Level,55.56,10.0,8.0,18,1.5,1.5,0.3371606942825162,🟠 Burst / Over,🟠 Pierde por burst/over
Meteor Dragoon,1-60,Taper,50.0,4.0,4.0,8,1.5,1.0,0.2152125268244419,⚪ Datos insuficientes,⚪ Datos insuficientes
Meteor Dragoon,5-60,Level,60.0,12.0,8.0,20,1.92,1.5,0.386577942315206,🟠 Burst / Over,🟠 Pierde por burst/over
Meteor Dragoon,7-55,Level,63.64,7.0,4.0,11,1.71,1.75,0.3537967768916372,🟠 Burst / Over,🟠 Pierde por burst/over
Meteor Dragoon,7-60,Level,83.33,15.0,3.0,18,1.6,2.33,0.6077750036164077,🟠 Burst / Over,🟠 Pierde por burst/over
Meteor Dragoon,7-70,Level,37.93,11.0,18.0,29,1.55,1.44,0.2268779573086734,🟠 Burst / Over,🔵 Pierde por spin
Meteor Dragoon,9-60,Level,28.57,2.0,5.0,7,2.0,1.2,0.0822171657090155,⚪ Datos insuficientes,⚪ Datos insuficientes
Meteor Dragoon,9-70,Level,37.5,6.0,10.0,16,2.17,1.4,0.184809825547528,🟠 Burst / Over,🔵 Pierde por spin
Meteor Dragoon,9-70,Low Rush,63.64,7.0,4.0,11,1.86,1.5,0.3537967768916372,🟠 Burst / Over,🟠 Pierde por burst/over
Mummy Curse,1-60,Free Ball,36.36,4.0,7.0,11,1.25,1.43,0.1516622361413138,🔵 Spin finish,🔵 Pierde por spin
Mummy Curse,1-60,Hexa,60.0,6.0,4.0,10,1.33,1.0,0.3126695474501863,🔵 Spin finish,🔵 Pierde por spin
Mummy Curse,1-60,Low Orb,77.78,7.0,2.0,9,1.57,2.0,0.4525833436728054,⚪ Datos insuficientes,⚪ Datos insuficientes
Mummy Curse,1-60,Wedge,14.29,1.0,6.0,7,1.0,1.33,0.0256789559489747,⚪ Datos insuficientes,⚪ Datos insuficientes
Mummy Curse,9-60,Orb,40.0,2.0,3.0,5,1.0,1.67,0.1176182311592532,⚪ Datos insuficientes,⚪ Datos insuficientes
Optimus Primal,2-60,Low Flat,33.33,1.0,2.0,3,2.0,1.0,0.0614903152761605,⚪ Datos insuficientes,⚪ Datos insuficientes
Optimus Primal,5-60,Low Flat,66.67,2.0,1.0,3,1.5,1.0,0.2076549551264878,⚪ Datos insuficientes,⚪ Datos insuficientes
Optimus Prime,5-60,Hexa,50.0,2.0,2.0,4,1.5,2.0,0.1500357088201714,⚪ Datos insuficientes,⚪ Datos insuficientes
Orochi Cluster,3-60,Hexa,0.0,0.0,3.0,3,0.0,1.67,0.0,⚪ Datos insuficientes,⚪ Datos insuficientes
Orochi Cluster,9-70,Jolt,75.0,3.0,1.0,4,2.0,2.0,0.3006360524426366,⚪ Datos insuficientes,⚪ Datos insuficientes
Pegasus Blast Assault,1-60,Low Rush,16.67,1.0,5.0,6,2.0,1.0,0.0300525858717302,⚪ Datos insuficientes,⚪ Datos insuficientes
Pegasus Blast Assault,3-60,Low Rush,66.67,4.0,2.0,6,1.25,1.0,0.2999883213415286,⚪ Datos insuficientes,⚪ Datos insuficientes
Pegasus Blast Free,9-60,Free Ball,57.14,4.0,3.0,7,1.25,1.33,0.2504542304090258,⚪ Datos insuficientes,⚪ Datos insuficientes
Pegasus Blast Free,9-60,Hexa,52.08,25.0,23.0,48,1.36,1.61,0.3832899563598437,🔵 Spin finish,🟠 Pierde por burst/over
Pegasus Blast Free,9-60,Level,100.0,7.0,0.0,7,1.14,0.0,0.6456611570247934,⚪ Datos insuficientes,⚪ Datos insuficientes
Pegasus Blast Free,9-70,Unite,60.0,6.0,4.0,10,1.0,2.0,0.3126695474501863,🔵 Spin finish,🟠 Pierde por burst/over
Pegasus Blast Heavy,3-60,Flat,66.67,2.0,1.0,3,2.0,1.0,0.2076549551264878,⚪ Datos insuficientes,⚪ Datos insuficientes
Pegasus Blast Heavy,3-60,Jolt,70.0,21.0,9.0,30,1.57,1.56,0.5212387898833981,🟠 Burst / Over,🟠 Pierde por burst/over
Pegasus Blast Heavy,3-60,Rush,50.0,2.0,2.0,4,2.0,2.5,0.1500357088201714,⚪ Datos insuficientes,⚪ Datos insuficientes
Pegasus Blast Heavy,5-60,Kick,50.0,2.0,2.0,4,1.5,1.5,0.1500357088201714,⚪ Datos insuficientes,⚪ Datos insuficientes
Pegasus Blast Heavy,7-60,Level,54.55,6.0,5.0,11,1.33,1.6,0.2800877556899882,🔵 Spin finish,🟠 Pierde por burst/over
Pegasus Blast Heavy,9-60,Jolt,50.0,4.0,4.0,8,1.25,1.25,0.2152125268244419,⚪ Datos insuficientes,⚪ Datos insuficientes
Pegasus Blast Heavy,9-60,Kick,55.56,5.0,4.0,9,2.0,1.25,0.2666473457440296,⚪ Datos insuficientes,⚪ Datos insuficientes
Pegasus Blast Heavy,9-60,Low Rush,58.82,10.0,7.0,17,1.6,1.57,0.3600507438551554,🟠 Burst / Over,🟠 Pierde por burst/over
Pegasus Blast Heavy,9-60,Rush,58.33,7.0,5.0,12,2.14,1.2,0.3195073356553728,🟠 Burst / Over,🔵 Pierde por spin
Pegasus Blast Heavy,9-60,Taper,20.0,1.0,4.0,5,1.0,1.0,0.0362231609697874,⚪ Datos insuficientes,⚪ Datos insuficientes
Pegasus Blast Jaggy,3-60,Kick,44.44,4.0,5.0,9,1.0,1.8,0.188775429471914,⚪ Datos insuficientes,⚪ Datos insuficientes
Pegasus Blast Jaggy,3-60,Low Rush,20.0,1.0,4.0,5,1.0,1.5,0.0362231609697874,⚪ Datos insuficientes,⚪ Datos insuficientes
Pegasus Blast Jaggy,9-60,Level,40.0,2.0,3.0,5,2.0,2.0,0.1176182311592532,⚪ Datos insuficientes,⚪ Datos insuficientes
Pegasus Blast Jaggy,9-60,Low Rush,50.0,3.0,3.0,6,2.0,1.67,0.1876128068994087,⚪ Datos insuficientes,⚪ Datos insuficientes
Pegasus Blast Slash,3-60,Low Rush,25.0,1.0,3.0,4,3.0,2.0,0.0455860626446362,⚪ Datos insuficientes,⚪ Datos insuficientes
Pegasus Blast Slash,3-60,Rush,50.0,2.0,2.0,4,2.5,1.0,0.1500357088201714,⚪ Datos insuficientes,⚪ Datos insuficientes
Pegasus Blast Slash,7-60,Level,54.55,6.0,5.0,11,1.33,2.0,0.2800877556899882,🔵 Spin finish,🟠 Pierde por burst/over
Pegasus Blast Wheel,3-60,Kick,50.0,5.0,5.0,10,1.6,1.4,0.2365895936154873,🟠 Burst / Over,🔵 Pierde por spin
Pegasus Blast Wheel,3-60,Level,58.33,7.0,5.0,12,1.71,1.8,0.3195073356553728,🟠 Burst / Over,🟠 Pierde por burst/over
Pegasus Blast Wheel,3-60,Low Rush,55.56,15.0,12.0,27,1.47,1.5,0.3731271947957688,🔵 Spin finish,🟠 Pierde por burst/over
Pegasus Blast Wheel,5-60,Hexa,50.0,2.0,2.0,4,1.0,1.5,0.1500357088201714,⚪ Datos insuficientes,⚪ Datos insuficientes
Pegasus Blast Wheel,6-80,Taper,50.0,3.0,3.0,6,1.67,1.33,0.1876128068994087,⚪ Datos insuficientes,⚪ Datos insuficientes
Pegasus Blast Wheel,7-60,Kick,50.0,2.0,2.0,4,2.5,1.5,0.1500357088201714,⚪ Datos insuficientes,⚪ Datos insuficientes
Pegasus Blast Wheel,7-60,Unite,50.0,2.0,2.0,4,2.0,1.5,0.1500357088201714,⚪ Datos insuficientes,⚪ Datos insuficientes
Pegasus Blast Wheel,9-60,Free Ball,92.86,13.0,1.0,14,1.15,2.0,0.6853073044604219,🔵 Spin finish,🟠 Pierde por burst/over
Pegasus Blast Wheel,9-60,Hexa,71.43,10.0,4.0,14,1.4,1.5,0.4535045882751561,🔵 Spin finish,🟠 Pierde por burst/over
Pegasus Blast Wheel,9-60,Kick,70.59,12.0,5.0,17,1.75,1.2,0.468664666737861,🟠 Burst / Over,🔵 Pierde por spin
Pegasus Blast Wheel,9-60,Level,55.81,24.0,19.0,43,1.54,1.32,0.4110735806551172,🟠 Burst / Over,🔵 Pierde por spin
Pegasus Blast Wheel,9-60,Rush,60.0,3.0,2.0,5,1.33,2.0,0.230719932208837,⚪ Datos insuficientes,⚪ Datos insuficientes
Pegasus Blast Wheel,9-60,Taper,50.0,10.0,10.0,20,1.3,1.9,0.2992949144298199,🔵 Spin finish,🟠 Pierde por burst/over
Pegasus Blast Wheel,9-60,Unite,45.0,9.0,11.0,20,1.56,1.36,0.2581950208570929,🟠 Burst / Over,🔵 Pierde por spin
Perseus Dark Bumper,5-60,Hexa,50.0,1.0,1.0,2,1.0,2.0,0.0945286548008661,⚪ Datos insuficientes,⚪ Datos insuficientes
Perseus Dark Bumper,9-60,Ball,0.0,0.0,1.0,1,0.0,2.0,0.0,⚪ Datos insuficientes,⚪ Datos insuficientes
Perseus Dark Bumper,9-60,Hexa,100.0,1.0,0.0,1,3.0,0.0,0.2065432914738929,⚪ Datos insuficientes,⚪ Datos insuficientes
Phoenix Feather,3-60,Level,42.86,3.0,4.0,7,1.67,2.0,0.1582169222626268,⚪ Datos insuficientes,⚪ Datos insuficientes
Phoenix Feather,9-70,Glide,57.14,4.0,3.0,7,1.0,1.67,0.2504542304090258,⚪ Datos insuficientes,⚪ Datos insuficientes
Phoenix Flare Heavy,3-60,Level,100.0,3.0,0.0,3,1.67,0.0,0.4384939195509822,⚪ Datos insuficientes,⚪ Datos insuficientes
Phoenix Flare Vertical,5-60,Level,0.0,0.0,3.0,3,0.0,1.33,0.0,⚪ Datos insuficientes,⚪ Datos insuficientes
Phoenix Flare Wheel,9-60,Jolt,50.0,4.0,4.0,8,1.5,1.5,0.2152125268244419,⚪ Datos insuficientes,⚪ Datos insuficientes
Phoenix Rudder,7-60,Level,33.33,1.0,2.0,3,2.0,1.5,0.0614903152761605,⚪ Datos insuficientes,⚪ Datos insuficientes
Phoenix Rudder,7-60,Taper,33.33,2.0,4.0,6,1.5,1.0,0.0967693325592168,⚪ Datos insuficientes,⚪ Datos insuficientes
Phoenix Rudder,9-60,Low Rush,66.67,2.0,1.0,3,1.5,1.0,0.2076549551264878,⚪ Datos insuficientes,⚪ Datos insuficientes
Phoenix Rudder,9-60,Taper,60.0,3.0,2.0,5,2.33,2.5,0.230719932208837,⚪ Datos insuficientes,⚪ Datos insuficientes
Phoenix Wing,1-60,Hexa,70.59,12.0,5.0,17,1.75,1.8,0.468664666737861,🟠 Burst / Over,🟠 Pierde por burst/over
Phoenix Wing,1-60,Level,50.0,2.0,2.0,4,2.0,1.0,0.1500357088201714,⚪ Datos insuficientes,⚪ Datos insuficientes
Phoenix Wing,1-60,Low Rush,51.85,28.0,26.0,54,1.82,1.31,0.3885147504846543,🟠 Burst / Over,🔵 Pierde por spin
Phoenix Wing,1-60,Point,40.0,4.0,6.0,10,1.75,1.5,0.1681775812035096,🟠 Burst / Over,🟠 Pierde por burst/over
Phoenix Wing,1-60,Rush,54.92,173.0,142.0,315,1.83,1.45,0.4939935888141,🟠 Burst / Over,🔵 Pierde por spin
Phoenix Wing,1-60,Taper,55.56,5.0,4.0,9,1.2,1.25,0.2666473457440296,⚪ Datos insuficientes,⚪ Datos insuficientes
Phoenix Wing,1-70,Kick,42.86,3.0,4.0,7,1.33,1.75,0.1582169222626268,⚪ Datos insuficientes,⚪ Datos insuficientes
Phoenix Wing,1-70,Level,50.0,1.0,1.0,2,3.0,2.0,0.0945286548008661,⚪ Datos insuficientes,⚪ Datos insuficientes
Phoenix Wing,1-70,Rush,25.0,2.0,6.0,8,2.0,1.67,0.0714776888580276,⚪ Datos insuficientes,⚪ Datos insuficientes
Phoenix Wing,1-80,Rush,33.33,2.0,4.0,6,2.0,1.0,0.0967693325592168,⚪ Datos insuficientes,⚪ Datos insuficientes
Phoenix Wing,3-60,Ball,0.0,0.0,1.0,1,0.0,2.0,0.0,⚪ Datos insuficientes,⚪ Datos insuficientes
Phoenix Wing,3-60,Flat,52.38,11.0,10.0,21,1.82,1.1,0.3236921790026675,🟠 Burst / Over,🔵 Pierde por spin
Phoenix Wing,3-60,Hexa,50.0,2.0,2.0,4,2.0,1.0,0.1500357088201714,⚪ Datos insuficientes,⚪ Datos insuficientes
Phoenix Wing,3-60,Level,83.33,5.0,1.0,6,2.2,1.0,0.4364905634363539,⚪ Datos insuficientes,⚪ Datos insuficientes
Phoenix Wing,3-60,Low Rush,56.0,14.0,11.0,25,1.64,1.82,0.3706701701956443,🟠 Burst / Over,🟠 Pierde por burst/over
Phoenix Wing,3-60,Orb,87.5,7.0,1.0,8,1.14,2.0,0.5291051942301385,⚪ Datos insuficientes,⚪ Datos insuficientes
Phoenix Wing,3-60,Point,55.56,10.0,8.0,18,1.9,1.5,0.3371606942825162,🟠 Burst / Over,🟠 Pierde por burst/over
Phoenix Wing,3-60,Rush,61.96,171.0,105.0,276,1.885,1.705,0.5610170389285237,🟠 Burst / Over,🟠 Pierde por burst/over
Phoenix Wing,3-60,Taper,52.94,36.0,32.0,68,1.53,1.56,0.4124071581374706,🟠 Burst / Over,🟠 Pierde por burst/over
Phoenix Wing,3-60,Trans Kick,83.33,5.0,1.0,6,2.0,2.0,0.4364905634363539,⚪ Datos insuficientes,⚪ Datos insuficientes
Phoenix Wing,3-60,Under Needle,0.0,0.0,2.0,2,0.0,2.0,0.0,⚪ Datos insuficientes,⚪ Datos insuficientes
Phoenix Wing,3-70,Hexa,70.0,7.0,3.0,10,1.14,1.67,0.3967732199795652,🔵 Spin finish,🟠 Pierde por burst/over
Phoenix Wing,3-80,Taper,25.0,1.0,3.0,4,2.0,1.33,0.0455860626446362,⚪ Datos insuficientes,⚪ Datos insuficientes
Phoenix Wing,4-60,Flat,50.0,9.0,9.0,18,2.11,1.44,0.2903070395897999,🟠 Burst / Over,🔵 Pierde por spin
Phoenix Wing,4-60,Taper,60.0,3.0,2.0,5,2.0,1.0,0.230719932208837,⚪ Datos insuficientes,⚪ Datos insuficientes
Phoenix Wing,5-60,Dot,57.14,4.0,3.0,7,1.25,1.67,0.2504542304090258,⚪ Datos insuficientes,⚪ Datos insuficientes
Phoenix Wing,5-60,Flat,70.0,21.0,9.0,30,1.62,1.11,0.5212387898833981,🟠 Burst / Over,🔵 Pierde por spin
Phoenix Wing,5-60,Gear Needle,25.0,1.0,3.0,4,2.0,1.67,0.0455860626446362,⚪ Datos insuficientes,⚪ Datos insuficientes
Phoenix Wing,5-60,Gear Point,0.0,0.0,3.0,3,0.0,1.0,0.0,⚪ Datos insuficientes,⚪ Datos insuficientes
Phoenix Wing,5-60,Hexa,57.14,4.0,3.0,7,2.25,1.67,0.2504542304090258,⚪ Datos insuficientes,⚪ Datos insuficientes
Phoenix Wing,5-60,High Taper,28.57,2.0,5.0,7,2.5,2.0,0.0822171657090155,⚪ Datos insuficientes,⚪ Datos insuficientes
Phoenix Wing,5-60,Kick,25.0,1.0,3.0,4,1.0,1.0,0.0455860626446362,⚪ Datos insuficientes,⚪ Datos insuficientes
Phoenix Wing,5-60,Level,75.0,3.0,1.0,4,1.33,1.0,0.3006360524426366,⚪ Datos insuficientes,⚪ Datos insuficientes
Phoenix Wing,5-60,Point,45.26,43.0,52.0,95,1.72,1.37,0.3563260915726526,🟠 Burst / Over,🔵 Pierde por spin
Phoenix Wing,5-60,Rush,51.06,24.0,23.0,47,1.54,1.43,0.3724221758937288,🟠 Burst / Over,🔵 Pierde por spin
Phoenix Wing,5-60,Taper,56.76,21.0,16.0,37,1.62,1.56,0.4091390633420071,🟠 Burst / Over,🟠 Pierde por burst/over
Phoenix Wing,5-60,Unite,50.0,6.0,6.0,12,0.5,2.5,0.2537781703934222,🔵 Spin finish,🟢 Pierde por xtreme
Phoenix Wing,5-80,Unite,66.67,4.0,2.0,6,1.75,1.0,0.2999883213415286,⚪ Datos insuficientes,⚪ Datos insuficientes
Phoenix Wing,6-60,Level,50.0,3.0,3.0,6,1.0,1.33,0.1876128068994087,⚪ Datos insuficientes,⚪ Datos insuficientes
Phoenix Wing,6-60,Rush,100.0,1.0,0.0,1,3.0,0.0,0.2065432914738929,⚪ Datos insuficientes,⚪ Datos insuficientes
Phoenix Wing,7-60,High Taper,57.14,4.0,3.0,7,1.75,2.0,0.2504542304090258,⚪ Datos insuficientes,⚪ Datos insuficientes
Phoenix Wing,7-60,Low Rush,55.0,11.0,9.0,20,1.82,1.56,0.3420820083075996,🟠 Burst / Over,🟠 Pierde por burst/over
Phoenix Wing,7-60,Point,80.0,4.0,1.0,5,1.5,3.0,0.3755282641185388,⚪ Datos insuficientes,⚪ Datos insuficientes
Phoenix Wing,7-60,Rush,56.41,22.0,17.0,39,1.64,1.47,0.4097542347452211,🟠 Burst / Over,🔵 Pierde por spin
Phoenix Wing,7-70,Low Rush,63.64,7.0,4.0,11,1.29,2.0,0.3537967768916372,🔵 Spin finish,🟠 Pierde por burst/over
Phoenix Wing,7-70,Under Flat,50.0,3.0,3.0,6,2.33,1.33,0.1876128068994087,⚪ Datos insuficientes,⚪ Datos insuficientes
Phoenix Wing,9-60,Ball,50.0,11.0,11.0,22,1.09,1.55,0.3072180469247956,🔵 Spin finish,🟠 Pierde por burst/over
Phoenix Wing,9-60,Cyclone,66.67,6.0,3.0,9,1.67,1.67,0.3541973474990897,⚪ Datos insuficientes,⚪ Datos insuficientes
Phoenix Wing,9-60,Gear Flat,58.62,17.0,12.0,29,2.06,1.5,0.4073752847851524,🟠 Burst / Over,🟠 Pierde por burst/over
Phoenix Wing,9-60,Hexa,70.0,7.0,3.0,10,1.29,2.0,0.3967732199795652,🔵 Spin finish,🟠 Pierde por burst/over
Phoenix Wing,9-60,Low Orb,50.0,4.0,4.0,8,1.5,1.25,0.2152125268244419,⚪ Datos insuficientes,⚪ Datos insuficientes
Phoenix Wing,9-60,Low Rush,36.36,4.0,7.0,11,1.75,1.0,0.1516622361413138,🟠 Burst / Over,🔵 Pierde por spin
Phoenix Wing,9-60,Orb,25.0,5.0,15.0,20,1.6,1.33,0.111860052789403,🟠 Burst / Over,🔵 Pierde por spin
Phoenix Wing,9-60,Point,71.43,5.0,2.0,7,1.6,2.5,0.3589290901482126,⚪ Datos insuficientes,⚪ Datos insuficientes
Phoenix Wing,9-60,Rush,61.29,38.0,24.0,62,1.68,1.67,0.4884761620578099,🟠 Burst / Over,🟠 Pierde por burst/over
Phoenix Wing,9-60,Taper,57.14,24.0,18.0,42,1.83,1.56,0.4220597791187447,🟠 Burst / Over,🟠 Pierde por burst/over
Ptera Swing,1-80,Gear Flat,33.33,1.0,2.0,3,1.0,2.0,0.0614903152761605,⚪ Datos insuficientes,⚪ Datos insuficientes
Ptera Swing,1-80,Point,33.33,2.0,4.0,6,1.0,1.0,0.0967693325592168,⚪ Datos insuficientes,⚪ Datos insuficientes
Ptera Swing,3-80,Taper,50.0,2.0,2.0,4,1.5,1.5,0.1500357088201714,⚪ Datos insuficientes,⚪ Datos insuficientes
Ptera Swing,7-60,Ball,33.33,1.0,2.0,3,2.0,1.5,0.0614903152761605,⚪ Datos insuficientes,⚪ Datos insuficientes
Rhino Horn,1-60,Gear Flat,0.0,0.0,1.0,1,0.0,2.0,0.0,⚪ Datos insuficientes,⚪ Datos insuficientes
Rhino Horn,3-80,Spike,16.67,1.0,5.0,6,2.0,1.6,0.0300525858717302,⚪ Datos insuficientes,⚪ Datos insuficientes
Rhino Horn,4-60,Taper,37.5,3.0,5.0,8,1.0,0.8,0.136841759461521,⚪ Datos insuficientes,⚪ Datos insuficientes
Rhino Horn,5-60,Accel,85.71,6.0,1.0,7,2.17,1.0,0.4868654966809702,⚪ Datos insuficientes,⚪ Datos insuficientes
Rhino Horn,5-60,Gear Point,33.33,1.0,2.0,3,2.0,2.0,0.0614903152761605,⚪ Datos insuficientes,⚪ Datos insuficientes
Rhino Horn,5-60,High Taper,33.33,1.0,2.0,3,1.0,1.0,0.0614903152761605,⚪ Datos insuficientes,⚪ Datos insuficientes
Rhino Horn,5-60,Level,50.0,1.0,1.0,2,3.0,2.0,0.0945286548008661,⚪ Datos insuficientes,⚪ Datos insuficientes
Rhino Horn,7-60,Hexa,66.67,2.0,1.0,3,1.0,2.0,0.2076549551264878,⚪ Datos insuficientes,⚪ Datos insuficientes
Rhino Horn,7-60,Taper,0.0,0.0,1.0,1,0.0,1.0,0.0,⚪ Datos insuficientes,⚪ Datos insuficientes
Roar Tyranno,1-60,Rush,40.0,2.0,3.0,5,2.0,1.33,0.1176182311592532,⚪ Datos insuficientes,⚪ Datos insuficientes
Roar Tyranno,3-60,Flat,33.33,1.0,2.0,3,1.0,1.0,0.0614903152761605,⚪ Datos insuficientes,⚪ Datos insuficientes
Roar Tyranno,3-60,Rush,55.56,5.0,4.0,9,2.6,1.0,0.2666473457440296,⚪ Datos insuficientes,⚪ Datos insuficientes
Roar Tyranno,5-60,Ball,75.0,3.0,1.0,4,1.33,2.0,0.3006360524426366,⚪ Datos insuficientes,⚪ Datos insuficientes
Roar Tyranno,5-60,Orb,71.43,5.0,2.0,7,1.4,2.5,0.3589290901482126,⚪ Datos insuficientes,⚪ Datos insuficientes
Roar Tyranno,5-60,Point,70.0,7.0,3.0,10,1.29,1.67,0.3967732199795652,🔵 Spin finish,🟠 Pierde por burst/over
Roar Tyranno,9-60,Ball,0.0,0.0,3.0,3,0.0,1.33,0.0,⚪ Datos insuficientes,⚪ Datos insuficientes
Roar Tyranno,9-60,Flat,100.0,1.0,0.0,1,2.0,0.0,0.2065432914738929,⚪ Datos insuficientes,⚪ Datos insuficientes
Roar Tyranno,9-60,Level,71.43,5.0,2.0,7,2.2,1.0,0.3589290901482126,⚪ Datos insuficientes,⚪ Datos insuficientes
Samurai Calibur,1-60,Hexa,40.0,4.0,6.0,10,1.5,1.33,0.1681775812035096,🟠 Burst / Over,🔵 Pierde por spin
Samurai Calibur,1-60,Low Orb,55.56,35.0,28.0,63,1.49,1.68,0.4331942064087128,🔵 Spin finish,🟠 Pierde por burst/over
Samurai Calibur,1-60,Low Rush,60.0,9.0,6.0,15,1.22,1.33,0.357464427565077,🔵 Spin finish,🔵 Pierde por spin
Samurai Calibur,1-70,Low Rush,45.45,5.0,6.0,11,1.8,1.83,0.2127095754398804,🟠 Burst / Over,🟠 Pierde por burst/over
Samurai Calibur,3-60,Wall Ball,50.0,2.0,2.0,4,1.0,3.0,0.1500357088201714,⚪ Datos insuficientes,⚪ Datos insuficientes
Samurai Calibur,6-60,Low Rush,20.0,1.0,4.0,5,1.0,1.5,0.0362231609697874,⚪ Datos insuficientes,⚪ Datos insuficientes
Samurai Calibur,9-60,Rush,42.86,3.0,4.0,7,2.0,1.5,0.1582169222626268,⚪ Datos insuficientes,⚪ Datos insuficientes
Samurai Saber,1-60,Hexa,0.0,0.0,1.0,1,0.0,1.0,0.0,⚪ Datos insuficientes,⚪ Datos insuficientes
Samurai Saber,2-70,Level,25.0,1.0,3.0,4,1.0,1.33,0.0455860626446362,⚪ Datos insuficientes,⚪ Datos insuficientes
Samurai Saber,3-60,Cyclone,50.0,3.0,3.0,6,1.67,2.0,0.1876128068994087,⚪ Datos insuficientes,⚪ Datos insuficientes
Samurai Saber,3-60,Free Ball,25.0,2.0,6.0,8,1.0,1.33,0.0714776888580276,⚪ Datos insuficientes,⚪ Datos insuficientes
Samurai Saber,3-60,Wedge,50.0,3.0,3.0,6,1.67,1.0,0.1876128068994087,⚪ Datos insuficientes,⚪ Datos insuficientes
Samurai Saber,4-60,Hexa,0.0,0.0,1.0,1,0.0,2.0,0.0,⚪ Datos insuficientes,⚪ Datos insuficientes
Samurai Saber,4-80,Level,66.67,2.0,1.0,3,2.0,2.0,0.2076549551264878,⚪ Datos insuficientes,⚪ Datos insuficientes
Samurai Saber,5-60,Ball,100.0,1.0,0.0,1,2.0,0.0,0.2065432914738929,⚪ Datos insuficientes,⚪ Datos insuficientes
Samurai Saber,5-60,Free Ball,20.0,1.0,4.0,5,1.0,1.25,0.0362231609697874,⚪ Datos insuficientes,⚪ Datos insuficientes
Samurai Saber,5-60,Hexa,78.57,11.0,3.0,14,1.36,1.0,0.5241027622679172,🔵 Spin finish,🔵 Pierde por spin
Samurai Saber,5-60,Level,50.0,4.0,4.0,8,1.5,2.5,0.2152125268244419,⚪ Datos insuficientes,⚪ Datos insuficientes
Samurai Saber,7-60,Hexa,60.0,3.0,2.0,5,1.33,2.0,0.230719932208837,⚪ Datos insuficientes,⚪ Datos insuficientes
Samurai Saber,7-60,Level,25.0,1.0,3.0,4,1.0,1.67,0.0455860626446362,⚪ Datos insuficientes,⚪ Datos insuficientes
Samurai Saber,7-70,Level,0.0,0.0,1.0,1,0.0,1.0,0.0,⚪ Datos insuficientes,⚪ Datos insuficientes
Samurai Saber,9-60,Elevate,66.67,2.0,1.0,3,1.5,2.0,0.2076549551264878,⚪ Datos insuficientes,⚪ Datos insuficientes
Samurai Saber,9-60,Free Ball,55.56,5.0,4.0,9,1.6,1.5,0.2666473457440296,⚪ Datos insuficientes,⚪ Datos insuficientes
Samurai Saber,9-60,Hexa,100.0,1.0,0.0,1,1.0,0.0,0.2065432914738929,⚪ Datos insuficientes,⚪ Datos insuficientes
Samurai Saber,9-60,Level,33.33,2.0,4.0,6,2.0,1.25,0.0967693325592168,⚪ Datos insuficientes,⚪ Datos insuficientes
Samurai Saber,9-60,Needle,0.0,0.0,1.0,1,0.0,1.0,0.0,⚪ Datos insuficientes,⚪ Datos insuficientes
Samurai Saber,9-60,Orb,100.0,2.0,0.0,2,2.5,0.0,0.3423719528896193,⚪ Datos insuficientes,⚪ Datos insuficientes
Samurai Saber,9-60,Wedge,55.56,5.0,4.0,9,0.4,0.5,0.2666473457440296,⚪ Datos insuficientes,⚪ Datos insuficientes
Scorpio Spear,0-70,Wedge,50.0,2.0,2.0,4,1.0,2.5,0.1500357088201714,⚪ Datos insuficientes,⚪ Datos insuficientes
Scorpio Spear,1-60,Low Rush,75.0,3.0,1.0,4,1.33,1.0,0.3006360524426366,⚪ Datos insuficientes,⚪ Datos insuficientes
Scorpio Spear,1-60,Rush,60.0,6.0,4.0,10,1.33,1.0,0.3126695474501863,🔵 Spin finish,🔵 Pierde por spin
Scorpio Spear,3-60,Free Ball,100.0,1.0,0.0,1,2.0,0.0,0.2065432914738929,⚪ Datos insuficientes,⚪ Datos insuficientes
Scorpio Spear,3-60,Gear Ball,70.0,7.0,3.0,10,1.29,2.0,0.3967732199795652,🔵 Spin finish,🟠 Pierde por burst/over
Scorpio Spear,3-60,Jolt,75.0,6.0,2.0,8,1.67,2.5,0.4092698791025891,⚪ Datos insuficientes,⚪ Datos insuficientes
Scorpio Spear,3-60,Point,50.0,3.0,3.0,6,1.165,0.5,0.1876128068994087,⚪ Datos insuficientes,⚪ Datos insuficientes
Scorpio Spear,3-70,Unite,50.0,3.0,3.0,6,2.33,2.0,0.1876128068994087,⚪ Datos insuficientes,⚪ Datos insuficientes
Scorpio Spear,5-60,Free Ball,60.0,3.0,2.0,5,1.33,1.5,0.230719932208837,⚪ Datos insuficientes,⚪ Datos insuficientes
Scorpio Spear,5-60,Hexa,33.33,2.0,4.0,6,1.0,1.0,0.0967693325592168,⚪ Datos insuficientes,⚪ Datos insuficientes
Scorpio Spear,7-60,Wedge,57.14,4.0,3.0,7,1.0,1.0,0.2504542304090258,⚪ Datos insuficientes,⚪ Datos insuficientes
Scorpio Spear,7-70,Hexa,75.0,3.0,1.0,4,1.67,1.0,0.3006360524426366,⚪ Datos insuficientes,⚪ Datos insuficientes
Scorpio Spear,9-60,Free Ball,66.67,10.0,5.0,15,1.2,1.4,0.4171312515121298,🔵 Spin finish,🔵 Pierde por spin
Scorpio Spear,9-60,Hexa,42.86,3.0,4.0,7,1.33,1.5,0.1582169222626268,⚪ Datos insuficientes,⚪ Datos insuficientes
Scorpio Spear,9-60,Low Orb,69.0,69.0,31.0,100,1.4300000000000002,1.5950000000000002,0.5937376052204429,🔵 Spin finish,🟠 Pierde por burst/over
Scorpio Spear,9-60,Point,50.0,6.0,6.0,12,1.33,1.0,0.2537781703934222,🔵 Spin finish,🔵 Pierde por spin
Scorpio Spear,9-60,Wedge,40.0,2.0,3.0,5,1.0,2.0,0.1176182311592532,⚪ Datos insuficientes,⚪ Datos insuficientes
Scorpio Spear,9-80,Low Orb,72.73,8.0,3.0,11,1.13,2.0,0.4343497069897538,🔵 Spin finish,🟠 Pierde por burst/over
Shark Scale,1-50,Jolt,75.0,3.0,1.0,4,2.0,2.0,0.3006360524426366,⚪ Datos insuficientes,⚪ Datos insuficientes
Shark Scale,1-50,Low Rush,51.72,15.0,14.0,29,1.8,1.14,0.3443073797056916,🟠 Burst / Over,🔵 Pierde por spin
Shark Scale,1-60,Ball,83.33,5.0,1.0,6,1.0,2.0,0.4364905634363539,⚪ Datos insuficientes,⚪ Datos insuficientes
Shark Scale,1-60,Free Ball,66.67,4.0,2.0,6,1.0,2.0,0.2999883213415286,⚪ Datos insuficientes,⚪ Datos insuficientes
Shark Scale,1-60,Kick,20.0,1.0,4.0,5,1.0,1.25,0.0362231609697874,⚪ Datos insuficientes,⚪ Datos insuficientes
Shark Scale,1-60,Low Rush,56.1,23.0,18.0,41,1.57,1.44,0.410402651517573,🟠 Burst / Over,🔵 Pierde por spin
Shark Scale,1-60,Rush,69.23,18.0,8.0,26,1.83,1.38,0.5001138848576876,🟠 Burst / Over,🔵 Pierde por spin
Shark Scale,1-70,Free Ball,88.89,8.0,1.0,9,1.75,1.0,0.5649937852319398,⚪ Datos insuficientes,⚪ Datos insuficientes
Shark Scale,1-70,Jolt,68.83,53.0,24.0,77,1.75,1.42,0.577997545591292,🟠 Burst / Over,🔵 Pierde por spin
Shark Scale,1-70,Kick,75.0,27.0,9.0,36,1.48,1.89,0.5892923231679658,🔵 Spin finish,🟠 Pierde por burst/over
Shark Scale,1-70,Low Orb,83.33,5.0,1.0,6,1.4,2.0,0.4364905634363539,⚪ Datos insuficientes,⚪ Datos insuficientes
Shark Scale,1-70,Low Rush,63.67,163.0,93.0,256,1.8,1.48,0.5761839137959475,🟠 Burst / Over,🔵 Pierde por spin
Shark Scale,1-70,Rush,75.0,6.0,2.0,8,2.0,1.0,0.4092698791025891,⚪ Datos insuficientes,⚪ Datos insuficientes
Shark Scale,1-70,Under Flat,0.0,0.0,4.0,4,0.0,2.0,0.0,⚪ Datos insuficientes,⚪ Datos insuficientes
Shark Scale,1-80,Rush,63.16,12.0,7.0,19,2.33,1.29,0.4103915749815671,🟠 Burst / Over,🔵 Pierde por spin
Shark Scale,3-60,Free Ball,66.09,76.0,39.0,115,1.55,1.69,0.5703943230468682,🟠 Burst / Over,🟠 Pierde por burst/over
Shark Scale,3-60,Jolt,68.29,28.0,13.0,41,1.61,1.38,0.5301551434425416,🟠 Burst / Over,🔵 Pierde por spin
Shark Scale,3-60,Kick,25.0,1.0,3.0,4,1.0,1.33,0.0455860626446362,⚪ Datos insuficientes,⚪ Datos insuficientes
Shark Scale,3-60,Low Rush,68.85,42.0,19.0,61,1.81,1.21,0.5640832930215206,🟠 Burst / Over,🔵 Pierde por spin
Shark Scale,3-60,Rush,61.9,13.0,8.0,21,1.62,1.63,0.4087829581550151,🟠 Burst / Over,🟠 Pierde por burst/over
Shark Scale,3-60,Under Flat,66.67,2.0,1.0,3,2.5,1.0,0.2076549551264878,⚪ Datos insuficientes,⚪ Datos insuficientes
Shark Scale,3-80,Rush,66.67,4.0,2.0,6,2.0,2.0,0.2999883213415286,⚪ Datos insuficientes,⚪ Datos insuficientes
Shark Scale,4-50,Level,81.25,13.0,3.0,16,1.46,2.0,0.5699064013154177,🔵 Spin finish,🟠 Pierde por burst/over
Shark Scale,4-50,Low Rush,100.0,6.0,0.0,6,1.5,0.0,0.6096569663469354,⚪ Datos insuficientes,⚪ Datos insuficientes
Shark Scale,4-50,Under Flat,55.56,10.0,8.0,18,1.9,1.0,0.3371606942825162,🟠 Burst / Over,🔵 Pierde por spin
Shark Scale,5-60,Kick,64.29,9.0,5.0,14,2.0,2.2,0.3876400468214041,🟠 Burst / Over,🟠 Pierde por burst/over
Shark Scale,5-60,Low Rush,55.81,24.0,19.0,43,1.83,1.53,0.4110735806551172,🟠 Burst / Over,🟠 Pierde por burst/over
Shark Scale,7-60,Kick,0.0,0.0,3.0,3,0.0,1.67,0.0,⚪ Datos insuficientes,⚪ Datos insuficientes
Shark Scale,7-60,Low Rush,83.33,5.0,1.0,6,1.4,2.0,0.4364905634363539,⚪ Datos insuficientes,⚪ Datos insuficientes
Shark Scale,7-60,Under Flat,0.0,0.0,6.0,6,0.0,1.33,0.0,⚪ Datos insuficientes,⚪ Datos insuficientes
Shark Scale,9-60,Free Ball,80.0,16.0,4.0,20,1.75,1.75,0.5839782779742402,🟠 Burst / Over,🟠 Pierde por burst/over
Shark Scale,9-60,Low Orb,55.56,10.0,8.0,18,1.3,1.5,0.3371606942825162,🔵 Spin finish,🟠 Pierde por burst/over
Shark Scale,9-70,Low Rush,83.33,5.0,1.0,6,2.0,2.0,0.4364905634363539,⚪ Datos insuficientes,⚪ Datos insuficientes
Shark Scale,9-80,Rush,62.5,5.0,3.0,8,1.2,1.67,0.3057378545838018,⚪ Datos insuficientes,⚪ Datos insuficientes
Sharke Edge,1-60,Cyclone,16.67,1.0,5.0,6,3.0,1.6,0.0300525858717302,⚪ Datos insuficientes,⚪ Datos insuficientes
Sharke Edge,1-60,Low Flat,39.13,9.0,14.0,23,2.11,1.14,0.2215737798238214,🟠 Burst / Over,🔵 Pierde por spin
Sharke Edge,1-60,Low Rush,66.67,2.0,1.0,3,2.0,2.0,0.2076549551264878,⚪ Datos insuficientes,⚪ Datos insuficientes
Sharke Edge,1-80,Low Flat,66.67,2.0,1.0,3,1.0,2.0,0.2076549551264878,⚪ Datos insuficientes,⚪ Datos insuficientes
Sharke Edge,2-60,Gear Flat,50.0,4.0,4.0,8,2.75,1.5,0.2152125268244419,⚪ Datos insuficientes,⚪ Datos insuficientes
Sharke Edge,2-60,Low Flat,47.37,9.0,10.0,19,1.78,1.6,0.2732950548744854,🟠 Burst / Over,🟠 Pierde por burst/over
Sharke Edge,2-60,Low Rush,30.0,3.0,7.0,10,2.67,1.0,0.1077892874862118,🟢 Xtreme finish,🔵 Pierde por spin
Sharke Edge,2-70,Kick,0.0,0.0,3.0,3,0.0,1.33,0.0,⚪ Datos insuficientes,⚪ Datos insuficientes
Sharke Edge,3-60,Gear Flat,33.33,1.0,2.0,3,2.0,1.5,0.0614903152761605,⚪ Datos insuficientes,⚪ Datos insuficientes
Sharke Edge,3-60,Low Flat,36.84,7.0,12.0,19,1.5,0.54,0.1914927237627383,🟠 Burst / Over,🔵 Pierde por spin
Sharke Edge,3-60,Low Rush,57.14,4.0,3.0,7,1.75,1.0,0.2504542304090258,⚪ Datos insuficientes,⚪ Datos insuficientes
Sharke Edge,3-60,Rush,33.33,3.0,6.0,9,1.67,1.0,0.1205815986827429,⚪ Datos insuficientes,⚪ Datos insuficientes
Sharke Edge,3-60,Taper,75.0,3.0,1.0,4,2.33,1.0,0.3006360524426366,⚪ Datos insuficientes,⚪ Datos insuficientes
Sharke Edge,3-80,Low Flat,62.5,5.0,3.0,8,1.6,1.67,0.3057378545838018,⚪ Datos insuficientes,⚪ Datos insuficientes
Sharke Edge,4-55,Under Needle,0.0,0.0,3.0,3,0.0,1.67,0.0,⚪ Datos insuficientes,⚪ Datos insuficientes
Sharke Edge,4-60,Flat,37.5,3.0,5.0,8,2.0,1.0,0.136841759461521,⚪ Datos insuficientes,⚪ Datos insuficientes
Sharke Edge,4-60,Low Flat,45.0,9.0,11.0,20,2.0,1.91,0.2581950208570929,🟠 Burst / Over,🟠 Pierde por burst/over
Sharke Edge,5-60,Cyclone,100.0,1.0,0.0,1,1.0,0.0,0.2065432914738929,⚪ Datos insuficientes,⚪ Datos insuficientes
Sharke Edge,5-60,Gear Flat,50.0,2.0,2.0,4,2.0,1.0,0.1500357088201714,⚪ Datos insuficientes,⚪ Datos insuficientes
Sharke Edge,5-60,Low Flat,25.0,3.0,9.0,12,2.0,1.22,0.0889400396289613,🟠 Burst / Over,🔵 Pierde por spin
Sharke Edge,9-60,Cyclone,0.0,0.0,6.0,6,0.0,1.0,0.0,⚪ Datos insuficientes,⚪ Datos insuficientes
Sharke Edge,9-60,Taper,0.0,0.0,3.0,3,0.0,1.0,0.0,⚪ Datos insuficientes,⚪ Datos insuficientes
Sharke Edge,9-60,Unite,33.33,3.0,6.0,9,2.0,1.33,0.1205815986827429,⚪ Datos insuficientes,⚪ Datos insuficientes
Sharke Edge,9-60,Wedge,77.78,7.0,2.0,9,1.57,1.0,0.4525833436728054,⚪ Datos insuficientes,⚪ Datos insuficientes
Shelter Drake,7-60,Level,100.0,1.0,0.0,1,3.0,0.0,0.2065432914738929,⚪ Datos insuficientes,⚪ Datos insuficientes
Shelter Drake,7-60,Taper,100.0,1.0,0.0,1,2.0,0.0,0.2065432914738929,⚪ Datos insuficientes,⚪ Datos insuficientes
Shelter Drake,7-80,Gear Point,25.0,1.0,3.0,4,3.0,0.67,0.0455860626446362,⚪ Datos insuficientes,⚪ Datos insuficientes
Shelter Drake,9-60,Taper,0.0,0.0,2.0,2,0.0,2.0,0.0,⚪ Datos insuficientes,⚪ Datos insuficientes
Shinobi Shadow,1-80,Point,0.0,0.0,3.0,3,0.0,1.0,0.0,⚪ Datos insuficientes,⚪ Datos insuficientes
Shinobi Shadow,4-80,Ball,0.0,0.0,2.0,2,0.0,1.5,0.0,⚪ Datos insuficientes,⚪ Datos insuficientes
Shinobi Shadow,6-80,Level,33.33,1.0,2.0,3,1.0,2.0,0.0614903152761605,⚪ Datos insuficientes,⚪ Datos insuficientes
Shinobi Shadow,7-60,Needle,0.0,0.0,2.0,2,0.0,2.0,0.0,⚪ Datos insuficientes,⚪ Datos insuficientes
Shinobi Shadow,9-70,Hexa,100.0,4.0,0.0,4,2.25,0.0,0.5100999795960008,⚪ Datos insuficientes,⚪ Datos insuficientes
Silver Wolf,0-80,Disc Ball,70.0,7.0,3.0,10,1.43,2.33,0.3967732199795652,🔵 Spin finish,🟠 Pierde por burst/over
Silver Wolf,1-60,Merge,40.0,2.0,3.0,5,1.0,1.33,0.1176182311592532,⚪ Datos insuficientes,⚪ Datos insuficientes
Silver Wolf,3-60,Ball,68.89,31.0,14.0,45,1.32,1.5,0.5433492001245103,🔵 Spin finish,🟠 Pierde por burst/over
Silver Wolf,3-60,Free Ball,64.23,79.0,44.0,123,1.25,1.43,0.5544380921577126,🔵 Spin finish,🔵 Pierde por spin
Silver Wolf,3-60,Point,0.0,0.0,1.0,1,0.0,2.0,0.0,⚪ Datos insuficientes,⚪ Datos insuficientes
Silver Wolf,3-70,Ball,50.0,2.0,2.0,4,2.0,2.0,0.1500357088201714,⚪ Datos insuficientes,⚪ Datos insuficientes
Silver Wolf,3-80,Free Ball,82.35,14.0,3.0,17,1.5,2.0,0.5897007098262422,🟠 Burst / Over,🟠 Pierde por burst/over
Silver Wolf,3-80,Hexa,60.0,3.0,2.0,5,1.0,2.0,0.230719932208837,⚪ Datos insuficientes,⚪ Datos insuficientes
Silver Wolf,4-60,Bound Spike,0.0,0.0,3.0,3,0.0,1.33,0.0,⚪ Datos insuficientes,⚪ Datos insuficientes
Silver Wolf,5-60,Dot,60.0,3.0,2.0,5,1.67,1.0,0.230719932208837,⚪ Datos insuficientes,⚪ Datos insuficientes
Silver Wolf,5-60,Free Ball,50.0,6.0,6.0,12,1.83,1.83,0.2537781703934222,🟠 Burst / Over,🟠 Pierde por burst/over
Silver Wolf,5-70,Free Ball,73.33,11.0,4.0,15,1.18,2.0,0.4804911034231324,🔵 Spin finish,🟠 Pierde por burst/over
Silver Wolf,5-80,Disc Ball,0.0,0.0,1.0,1,0.0,1.0,0.0,⚪ Datos insuficientes,⚪ Datos insuficientes
Silver Wolf,6-80,Hexa,100.0,2.0,0.0,2,1.0,0.0,0.3423719528896193,⚪ Datos insuficientes,⚪ Datos insuficientes
Silver Wolf,7-60,Free Ball,50.0,1.0,1.0,2,1.0,1.0,0.0945286548008661,⚪ Datos insuficientes,⚪ Datos insuficientes
Silver Wolf,9-60,Ball,70.42,50.0,21.0,71,1.185,1.615,0.5898124223983721,🔵 Spin finish,🟠 Pierde por burst/over
Silver Wolf,9-60,Disc Ball,25.0,1.0,3.0,4,3.0,1.67,0.0455860626446362,⚪ Datos insuficientes,⚪ Datos insuficientes
Silver Wolf,9-60,Elevate,71.43,5.0,2.0,7,1.8,1.0,0.3589290901482126,⚪ Datos insuficientes,⚪ Datos insuficientes
Silver Wolf,9-60,Free Ball,71.26,124.0,50.0,174,1.59,1.225,0.6413820295802386,🟠 Burst / Over,🔵 Pierde por spin
Silver Wolf,9-60,Hexa,50.0,3.0,3.0,6,1.33,1.67,0.1876128068994087,⚪ Datos insuficientes,⚪ Datos insuficientes
Silver Wolf,9-60,Low Orb,66.67,4.0,2.0,6,1.0,2.5,0.2999883213415286,⚪ Datos insuficientes,⚪ Datos insuficientes
Silver Wolf,9-60,Orb,63.16,12.0,7.0,19,1.42,2.14,0.4103915749815671,🔵 Spin finish,🟠 Pierde por burst/over
Silver Wolf,9-70,Ball,66.67,6.0,3.0,9,1.0,1.67,0.3541973474990897,⚪ Datos insuficientes,⚪ Datos insuficientes
Silver Wolf,9-70,Disc Ball,75.0,3.0,1.0,4,1.67,1.0,0.3006360524426366,⚪ Datos insuficientes,⚪ Datos insuficientes
Silver Wolf,9-70,Elevate,33.33,1.0,2.0,3,2.0,2.0,0.0614903152761605,⚪ Datos insuficientes,⚪ Datos insuficientes
Silver Wolf,9-70,Free Ball,91.67,11.0,1.0,12,1.36,2.0,0.6461140782014047,🔵 Spin finish,🟠 Pierde por burst/over
Silver Wolf,9-70,Hexa,64.71,11.0,6.0,17,1.09,1.17,0.4129996672121183,🔵 Spin finish,🔵 Pierde por spin
Silver Wolf,9-70,Low Orb,16.67,1.0,5.0,6,2.0,1.6,0.0300525858717302,⚪ Datos insuficientes,⚪ Datos insuficientes
Silver Wolf,9-70,Wedge,60.0,3.0,2.0,5,1.67,2.0,0.230719932208837,⚪ Datos insuficientes,⚪ Datos insuficientes
Silver Wolf,9-80,Free Ball,50.0,2.0,2.0,4,1.0,2.0,0.1500357088201714,⚪ Datos insuficientes,⚪ Datos insuficientes
Silver Wolf,9-80,Hexa,55.56,5.0,4.0,9,1.0,1.25,0.2666473457440296,⚪ Datos insuficientes,⚪ Datos insuficientes
Sol Eclipse,5-70,Trans Kick,25.0,1.0,3.0,4,1.0,1.33,0.0455860626446362,⚪ Datos insuficientes,⚪ Datos insuficientes
Sol Eclipse Free,5-60,Trans Kick,80.0,4.0,1.0,5,1.5,3.0,0.3755282641185388,⚪ Datos insuficientes,⚪ Datos insuficientes
Sol Eclipse Jaggy,6-60,Taper,62.5,5.0,3.0,8,2.0,2.0,0.3057378545838018,⚪ Datos insuficientes,⚪ Datos insuficientes
Sphinx Cowl,5-60,Needle,33.33,1.0,2.0,3,1.0,1.0,0.0614903152761605,⚪ Datos insuficientes,⚪ Datos insuficientes
Sphinx Cowl,7-60,Needle,50.0,3.0,3.0,6,1.33,1.0,0.1876128068994087,⚪ Datos insuficientes,⚪ Datos insuficientes
Sphinx Cowl,7-60,Point,0.0,0.0,3.0,3,0.0,1.0,0.0,⚪ Datos insuficientes,⚪ Datos insuficientes
Starscream,9-70,Low Orb,33.33,1.0,2.0,3,2.0,1.5,0.0614903152761605,⚪ Datos insuficientes,⚪ Datos insuficientes
Steel Samurai,7-70,Point,50.0,1.0,1.0,2,2.0,2.0,0.0945286548008661,⚪ Datos insuficientes,⚪ Datos insuficientes
Talon Ptera,3-80,Needle,33.33,1.0,2.0,3,3.0,2.5,0.0614903152761605,⚪ Datos insuficientes,⚪ Datos insuficientes
Talon Ptera,5-70,Flat,20.0,1.0,4.0,5,2.0,1.0,0.0362231609697874,⚪ Datos insuficientes,⚪ Datos insuficientes
Talon Ptera,5-70,Gear Ball,33.33,2.0,4.0,6,2.0,1.25,0.0967693325592168,⚪ Datos insuficientes,⚪ Datos insuficientes
Talon Ptera,7-60,Free Ball,50.0,2.0,2.0,4,1.0,1.0,0.1500357088201714,⚪ Datos insuficientes,⚪ Datos insuficientes
Tusk Mammoth,3-60,Ball,64.29,9.0,5.0,14,1.56,2.2,0.3876400468214041,🟠 Burst / Over,🟠 Pierde por burst/over
Tusk Mammoth,3-60,High Taper,0.0,0.0,6.0,6,0.0,1.5,0.0,⚪ Datos insuficientes,⚪ Datos insuficientes
Tusk Mammoth,3-60,Orb,33.33,1.0,2.0,3,1.0,1.0,0.0614903152761605,⚪ Datos insuficientes,⚪ Datos insuficientes
Tusk Mammoth,3-60,Taper,42.31,11.0,15.0,26,1.64,1.53,0.255441899027294,🟠 Burst / Over,🟠 Pierde por burst/over
Tusk Mammoth,4-60,Ball,33.33,1.0,2.0,3,1.0,2.0,0.0614903152761605,⚪ Datos insuficientes,⚪ Datos insuficientes
Tusk Mammoth,4-60,Orb,55.56,5.0,4.0,9,1.4,1.5,0.2666473457440296,⚪ Datos insuficientes,⚪ Datos insuficientes
Tusk Mammoth,4-60,Taper,33.33,1.0,2.0,3,2.0,2.5,0.0614903152761605,⚪ Datos insuficientes,⚪ Datos insuficientes
Tusk Mammoth,4-80,Taper,28.57,2.0,5.0,7,2.0,1.6,0.0822171657090155,⚪ Datos insuficientes,⚪ Datos insuficientes
Tusk Mammoth,5-60,Needle,50.0,2.0,2.0,4,2.0,1.5,0.1500357088201714,⚪ Datos insuficientes,⚪ Datos insuficientes
Tusk Mammoth,5-60,Taper,83.33,5.0,1.0,6,1.4,1.0,0.4364905634363539,⚪ Datos insuficientes,⚪ Datos insuficientes
Tusk Mammoth,7-60,Point,33.33,2.0,4.0,6,1.5,1.75,0.0967693325592168,⚪ Datos insuficientes,⚪ Datos insuficientes
Tusk Mammoth,7-60,Taper,50.0,3.0,3.0,6,1.67,1.33,0.1876128068994087,⚪ Datos insuficientes,⚪ Datos insuficientes
Tusk Mammoth,9-60,Ball,50.0,8.0,8.0,16,1.38,1.75,0.2799923761135083,🔵 Spin finish,🟠 Pierde por burst/over
Tyranno Beat,1-60,Cyclone,62.5,5.0,3.0,8,1.4,1.0,0.3057378545838018,⚪ Datos insuficientes,⚪ Datos insuficientes
Tyranno Beat,1-60,Level,65.0,13.0,7.0,20,2.0,1.14,0.4328505102194647,🟠 Burst / Over,🔵 Pierde por spin
Tyranno Beat,1-60,Low Rush,60.0,15.0,10.0,25,2.0,1.4449999999999998,0.4073912778512734,🟠 Burst / Over,🔵 Pierde por spin
Tyranno Beat,1-60,Rush,46.15,12.0,14.0,26,1.75,1.5,0.287555826952349,🟠 Burst / Over,🟠 Pierde por burst/over
Tyranno Beat,1-60,Taper,53.57,15.0,13.0,28,1.73,1.54,0.3581239514210166,🟠 Burst / Over,🟠 Pierde por burst/over
Tyranno Beat,1-70,Kick,71.43,5.0,2.0,7,1.8,1.5,0.3589290901482126,⚪ Datos insuficientes,⚪ Datos insuficientes
Tyranno Beat,1-70,Low Rush,66.67,6.0,3.0,9,1.67,1.67,0.3541973474990897,⚪ Datos insuficientes,⚪ Datos insuficientes
Tyranno Beat,2-60,Taper,0.0,0.0,1.0,1,0.0,2.0,0.0,⚪ Datos insuficientes,⚪ Datos insuficientes
Tyranno Beat,2-60,Unite,50.0,5.0,5.0,10,2.0,1.4,0.2365895936154873,🟠 Burst / Over,🔵 Pierde por spin
Tyranno Beat,2-70,Level,58.82,10.0,7.0,17,2.39,1.5,0.3600507438551554,🟠 Burst / Over,🟠 Pierde por burst/over
Tyranno Beat,3-60,Rush,0.0,0.0,2.0,2,0.0,2.0,0.0,⚪ Datos insuficientes,⚪ Datos insuficientes
Tyranno Beat,3-60,Taper,63.16,12.0,7.0,19,1.67,1.86,0.4103915749815671,🟠 Burst / Over,🟠 Pierde por burst/over
Tyranno Beat,3-70,Rush,40.0,2.0,3.0,5,2.5,1.67,0.1176182311592532,⚪ Datos insuficientes,⚪ Datos insuficientes
Tyranno Beat,3-70,Taper,66.67,4.0,2.0,6,1.25,2.5,0.2999883213415286,⚪ Datos insuficientes,⚪ Datos insuficientes
Tyranno Beat,4-60,Bound Spike,50.0,1.0,1.0,2,1.0,1.0,0.0945286548008661,⚪ Datos insuficientes,⚪ Datos insuficientes
Tyranno Beat,4-60,Cyclone,55.56,5.0,4.0,9,2.0,1.5,0.2666473457440296,⚪ Datos insuficientes,⚪ Datos insuficientes
Tyranno Beat,4-60,Rush,100.0,1.0,0.0,1,2.0,0.0,0.2065432914738929,⚪ Datos insuficientes,⚪ Datos insuficientes
Tyranno Beat,5-60,Flat,33.33,6.0,12.0,18,2.0,1.5,0.1627855436366285,🟠 Burst / Over,🟠 Pierde por burst/over
Tyranno Beat,5-60,Kick,44.44,4.0,5.0,9,1.75,1.4,0.188775429471914,⚪ Datos insuficientes,⚪ Datos insuficientes
Tyranno Beat,5-60,Level,33.33,1.0,2.0,3,2.0,1.0,0.0614903152761605,⚪ Datos insuficientes,⚪ Datos insuficientes
Tyranno Beat,5-60,Point,47.06,8.0,9.0,17,2.5,1.44,0.261648011960881,🟢 Xtreme finish,🔵 Pierde por spin
Tyranno Beat,5-60,Rush,50.0,4.0,4.0,8,2.25,1.75,0.2152125268244419,⚪ Datos insuficientes,⚪ Datos insuficientes
Tyranno Beat,5-60,Taper,75.0,3.0,1.0,4,1.33,1.0,0.3006360524426366,⚪ Datos insuficientes,⚪ Datos insuficientes
Tyranno Beat,7-60,Low Rush,60.0,6.0,4.0,10,2.0,1.5,0.3126695474501863,🟠 Burst / Over,🟠 Pierde por burst/over
Tyranno Beat,7-70,Rush,33.33,1.0,2.0,3,1.0,1.5,0.0614903152761605,⚪ Datos insuficientes,⚪ Datos insuficientes
Tyranno Beat,7-70,Taper,66.67,6.0,3.0,9,2.5,2.0,0.3541973474990897,⚪ Datos insuficientes,⚪ Datos insuficientes
Tyranno Beat,7-70,Vortex,50.0,4.0,4.0,8,2.0,1.0,0.2152125268244419,⚪ Datos insuficientes,⚪ Datos insuficientes
Tyranno Beat,9-60,Ball,83.33,5.0,1.0,6,1.6,1.0,0.4364905634363539,⚪ Datos insuficientes,⚪ Datos insuficientes
Tyranno Beat,9-60,Flat,0.0,0.0,2.0,2,0.0,1.0,0.0,⚪ Datos insuficientes,⚪ Datos insuficientes
Tyranno Beat,9-60,Low Flat,50.0,2.0,2.0,4,3.0,2.0,0.1500357088201714,⚪ Datos insuficientes,⚪ Datos insuficientes
Tyranno Beat,9-60,Point,0.0,0.0,1.0,1,0.0,1.0,0.0,⚪ Datos insuficientes,⚪ Datos insuficientes
Tyranno Beat,9-60,Taper,48.39,15.0,16.0,31,1.355,1.165,0.3196998603127883,🔵 Spin finish,🔵 Pierde por spin
Tyranno Beat,9-60,Unite,66.67,2.0,1.0,3,2.0,3.0,0.2076549551264878,⚪ Datos insuficientes,⚪ Datos insuficientes
Tyranno Beat,9-80,Ball,60.0,6.0,4.0,10,1.5,2.0,0.3126695474501863,🟠 Burst / Over,🟠 Pierde por burst/over
Tyranno Roar,3-60,Rush,33.33,1.0,2.0,3,1.0,1.5,0.0614903152761605,⚪ Datos insuficientes,⚪ Datos insuficientes
Tyranno Roar,9-60,High Needle,83.33,5.0,1.0,6,1.0,3.0,0.4364905634363539,⚪ Datos insuficientes,⚪ Datos insuficientes
Unicorn Sting,1-60,Ball,71.43,10.0,4.0,14,1.1,2.25,0.4535045882751561,🔵 Spin finish,🟠 Pierde por burst/over
Unicorn Sting,1-60,Gear Ball,100.0,1.0,0.0,1,1.0,0.0,0.2065432914738929,⚪ Datos insuficientes,⚪ Datos insuficientes
Unicorn Sting,3-60,Dot,57.14,4.0,3.0,7,1.0,1.0,0.2504542304090258,⚪ Datos insuficientes,⚪ Datos insuficientes
Unicorn Sting,3-60,Orb,50.0,3.0,3.0,6,1.33,1.67,0.1876128068994087,⚪ Datos insuficientes,⚪ Datos insuficientes
Unicorn Sting,3-80,Ball,75.0,3.0,1.0,4,1.33,0.0,0.3006360524426366,⚪ Datos insuficientes,⚪ Datos insuficientes
Unicorn Sting,4-60,Orb,54.55,12.0,10.0,22,1.25,1.7,0.3465947328904156,🔵 Spin finish,🟠 Pierde por burst/over
Unicorn Sting,5-60,Ball,25.0,1.0,3.0,4,1.0,1.67,0.0455860626446362,⚪ Datos insuficientes,⚪ Datos insuficientes
Unicorn Sting,5-60,Gear Point,33.33,2.0,4.0,6,1.0,1.75,0.0967693325592168,⚪ Datos insuficientes,⚪ Datos insuficientes
Unicorn Sting,5-60,Hexa,0.0,0.0,4.0,4,0.0,1.5,0.0,⚪ Datos insuficientes,⚪ Datos insuficientes
Unicorn Sting,5-60,Orb,25.0,1.0,3.0,4,1.0,1.33,0.0455860626446362,⚪ Datos insuficientes,⚪ Datos insuficientes
Unicorn Sting,9-60,Ball,60.0,3.0,2.0,5,1.33,1.5,0.230719932208837,⚪ Datos insuficientes,⚪ Datos insuficientes
Unicorn Sting,9-60,Free Ball,69.23,9.0,4.0,13,1.22,1.75,0.4236888781333764,🔵 Spin finish,🟠 Pierde por burst/over
Unicorn Sting,9-60,Gear Ball,42.86,3.0,4.0,7,1.67,2.25,0.1582169222626268,⚪ Datos insuficientes,⚪ Datos insuficientes
Unicorn Sting,9-60,Low Orb,83.33,5.0,1.0,6,1.0,3.0,0.4364905634363539,⚪ Datos insuficientes,⚪ Datos insuficientes
Unicorn Sting,9-60,Orb,57.78,26.0,19.0,45,1.38,1.74,0.4330053279594451,🔵 Spin finish,🟠 Pierde por burst/over
Unicorn Sting,9-60,Point,46.67,7.0,8.0,15,1.29,1.5,0.2480922525974644,🔵 Spin finish,🟠 Pierde por burst/over
Unicorn Sting,9-60,Wedge,50.0,5.0,5.0,10,1.2,0.4,0.2365895936154873,🔵 Spin finish,🟡 Alta tendencia a ganar
Viper Tail,3-60,Rush,0.0,0.0,3.0,3,0.0,1.33,0.0,⚪ Datos insuficientes,⚪ Datos insuficientes
Viper Tail,3-60,Taper,36.67,44.0,76.0,120,1.45,0.74,0.2858279826049079,🔵 Spin finish,🔵 Pierde por spin
Viper Tail,4-60,Flat,75.0,3.0,1.0,4,1.67,2.0,0.3006360524426366,⚪ Datos insuficientes,⚪ Datos insuficientes
Viper Tail,5-60,Ball,0.0,0.0,4.0,4,0.0,1.5,0.0,⚪ Datos insuficientes,⚪ Datos insuficientes
Viper Tail,5-60,Taper,40.0,2.0,3.0,5,2.0,1.67,0.1176182311592532,⚪ Datos insuficientes,⚪ Datos insuficientes
Viper Tail,5-80,Flat,66.67,4.0,2.0,6,1.75,1.0,0.2999883213415286,⚪ Datos insuficientes,⚪ Datos insuficientes
Viper Tail,5-80,Orb,20.0,1.0,4.0,5,1.0,1.25,0.0362231609697874,⚪ Datos insuficientes,⚪ Datos insuficientes
Weiss Tiger,9-80,Hexa,33.33,1.0,2.0,3,2.0,1.5,0.0614903152761605,⚪ Datos insuficientes,⚪ Datos insuficientes
Whale Wave,1-60,Flat,25.0,1.0,3.0,4,2.0,1.0,0.0455860626446362,⚪ Datos insuficientes,⚪ Datos insuficientes
Whale Wave,1-60,Free Ball,57.14,4.0,3.0,7,1.75,2.0,0.2504542304090258,⚪ Datos insuficientes,⚪ Datos insuficientes
Whale Wave,1-60,Kick,40.0,4.0,6.0,10,2.0,1.83,0.1681775812035096,🟠 Burst / Over,🟠 Pierde por burst/over
Whale Wave,1-60,Level,100.0,1.0,0.0,1,1.0,0.0,0.2065432914738929,⚪ Datos insuficientes,⚪ Datos insuficientes
Whale Wave,1-60,Low Flat,37.84,14.0,23.0,37,2.3,1.685,0.2406378746389103,🟠 Burst / Over,🟠 Pierde por burst/over
Whale Wave,1-60,Low Rush,100.0,2.0,0.0,2,2.5,0.0,0.3423719528896193,⚪ Datos insuficientes,⚪ Datos insuficientes
Whale Wave,1-60,Rush,41.18,7.0,10.0,17,2.0,1.3,0.2161078603913138,🟠 Burst / Over,🔵 Pierde por spin
Whale Wave,1-60,Taper,0.0,0.0,7.0,7,0.0,2.0,0.0,⚪ Datos insuficientes,⚪ Datos insuficientes
Whale Wave,1-70,Rush,50.0,3.0,3.0,6,1.33,2.67,0.1876128068994087,⚪ Datos insuficientes,⚪ Datos insuficientes
Whale Wave,3-60,Level,50.0,5.0,5.0,10,1.8,1.6,0.2365895936154873,🟠 Burst / Over,🟠 Pierde por burst/over
Whale Wave,3-60,Low Flat,30.0,3.0,7.0,10,2.0,1.14,0.1077892874862118,🟠 Burst / Over,🔵 Pierde por spin
Whale Wave,3-60,Taper,40.0,2.0,3.0,5,2.0,1.67,0.1176182311592532,⚪ Datos insuficientes,⚪ Datos insuficientes
Whale Wave,5-60,Dot,46.15,6.0,7.0,13,1.33,1.57,0.2320575430148813,🔵 Spin finish,🟠 Pierde por burst/over
Whale Wave,5-60,Low Flat,11.11,1.0,8.0,9,1.0,1.63,0.0198903713271305,⚪ Datos insuficientes,⚪ Datos insuficientes
Whale Wave,5-60,Taper,75.0,3.0,1.0,4,1.67,1.0,0.3006360524426366,⚪ Datos insuficientes,⚪ Datos insuficientes
Whale Wave,5-70,Taper,33.33,3.0,6.0,9,2.0,1.33,0.1205815986827429,⚪ Datos insuficientes,⚪ Datos insuficientes
Whale Wave,7-60,Quake,16.67,1.0,5.0,6,1.0,1.0,0.0300525858717302,⚪ Datos insuficientes,⚪ Datos insuficientes
Whale Wave,7-60,Rush,0.0,0.0,2.0,2,0.0,2.0,0.0,⚪ Datos insuficientes,⚪ Datos insuficientes
Whale Wave,9-60,Dot,75.0,15.0,5.0,20,1.73,1.2,0.5312949900419365,🟠 Burst / Over,🔵 Pierde por spin
Whale Wave,9-60,Low Flat,71.43,5.0,2.0,7,2.8,1.5,0.3589290901482126,⚪ Datos insuficientes,⚪ Datos insuficientes
Whale Wave,9-60,Low Rush,42.86,3.0,4.0,7,2.0,2.0,0.1582169222626268,⚪ Datos insuficientes,⚪ Datos insuficientes
Whale Wave,9-60,Rush,40.0,2.0,3.0,5,1.5,3.0,0.1176182311592532,⚪ Datos insuficientes,⚪ Datos insuficientes
Whale Wave,9-60,Taper,100.0,1.0,0.0,1,2.0,0.0,0.2065432914738929,⚪ Datos insuficientes,⚪ Datos insuficientes
Wizard Arc,9-60,Ball,40.0,2.0,3.0,5,1.0,1.0,0.1176182311592532,⚪ Datos insuficientes,⚪ Datos insuficientes
Wizard Arc Bumper,4-55,Under Needle,0.0,0.0,1.0,1,0.0,1.0,0.0,⚪ Datos insuficientes,⚪ Datos insuficientes
Wizard Arc Erase,9-60,Jolt,50.0,2.0,2.0,4,1.5,2.5,0.1500357088201714,⚪ Datos insuficientes,⚪ Datos insuficientes
Wizard Arc Heavy,7-60,Kick,50.0,3.0,3.0,6,2.0,1.67,0.1876128068994087,⚪ Datos insuficientes,⚪ Datos insuficientes
Wizard Arc Heavy,9-60,Trans Point,50.0,2.0,2.0,4,1.5,2.0,0.1500357088201714,⚪ Datos insuficientes,⚪ Datos insuficientes
Wizard Arc Heavy,9-60,Under Needle,60.0,6.0,4.0,10,1.5,1.25,0.3126695474501863,🟠 Burst / Over,🔵 Pierde por spin
Wizard Arc Round,9-60,Low Orb,0.0,0.0,2.0,2,0.0,1.0,0.0,⚪ Datos insuficientes,⚪ Datos insuficientes
Wizard Arrow,1-60,Jolt,66.67,2.0,1.0,3,2.0,2.0,0.2076549551264878,⚪ Datos insuficientes,⚪ Datos insuficientes
Wizard Arrow,3-60,Free Ball,66.67,2.0,1.0,3,1.0,2.0,0.2076549551264878,⚪ Datos insuficientes,⚪ Datos insuficientes
Wizard Arrow,3-80,Gear Needle,0.0,0.0,2.0,2,0.0,1.0,0.0,⚪ Datos insuficientes,⚪ Datos insuficientes
Wizard Arrow,4-55,Low Orb,60.0,3.0,2.0,5,2.0,1.5,0.230719932208837,⚪ Datos insuficientes,⚪ Datos insuficientes
Wizard Arrow,4-60,Gear Needle,33.33,1.0,2.0,3,1.0,1.5,0.0614903152761605,⚪ Datos insuficientes,⚪ Datos insuficientes
Wizard Arrow,4-80,Ball,14.29,1.0,6.0,7,0.0,0.67,0.0256789559489747,⚪ Datos insuficientes,⚪ Datos insuficientes
Wizard Arrow,4-80,High Needle,25.0,1.0,3.0,4,2.0,1.0,0.0455860626446362,⚪ Datos insuficientes,⚪ Datos insuficientes
Wizard Arrow,4-80,Spike,33.33,1.0,2.0,3,1.0,1.5,0.0614903152761605,⚪ Datos insuficientes,⚪ Datos insuficientes
Wizard Arrow,5-60,Ball,75.0,6.0,2.0,8,1.83,1.5,0.4092698791025891,⚪ Datos insuficientes,⚪ Datos insuficientes
Wizard Arrow,5-60,Orb,64.18,43.0,24.0,67,0.74,1.04,0.5221828769475225,🔵 Spin finish,🔵 Pierde por spin
Wizard Arrow,5-70,Disc Ball,0.0,0.0,1.0,1,0.0,1.0,0.0,⚪ Datos insuficientes,⚪ Datos insuficientes
Wizard Arrow,5-80,Taper,75.0,6.0,2.0,8,1.83,1.5,0.4092698791025891,⚪ Datos insuficientes,⚪ Datos insuficientes
Wizard Arrow,7-60,Hexa,50.0,2.0,2.0,4,1.0,1.0,0.1500357088201714,⚪ Datos insuficientes,⚪ Datos insuficientes
Wizard Arrow,9-60,Ball,58.33,14.0,10.0,24,1.14,1.8,0.3883433764938864,🔵 Spin finish,🟠 Pierde por burst/over
Wizard Arrow,9-60,Free Ball,50.0,7.0,7.0,14,1.86,1.57,0.2679886791947528,🟠 Burst / Over,🟠 Pierde por burst/over
Wizard Arrow,9-70,Free Ball,55.56,5.0,4.0,9,1.4,1.5,0.2666473457440296,⚪ Datos insuficientes,⚪ Datos insuficientes
Wizard Rod,1-50,Hexa,69.23,18.0,8.0,26,1.39,1.63,0.5001138848576876,🔵 Spin finish,🟠 Pierde por burst/over
Wizard Rod,1-60,Ball,71.43,10.0,4.0,14,1.9,2.75,0.4535045882751561,🟠 Burst / Over,🟢 Pierde por xtreme
Wizard Rod,1-60,Bound Spike,70.0,7.0,3.0,10,1.0,1.33,0.3967732199795652,🔵 Spin finish,🔵 Pierde por spin
Wizard Rod,1-60,Free Ball,75.0,3.0,1.0,4,1.67,1.0,0.3006360524426366,⚪ Datos insuficientes,⚪ Datos insuficientes
Wizard Rod,1-60,Hexa,70.91,485.0,199.0,684,1.28,1.68,0.673933395629049,🔵 Spin finish,🟠 Pierde por burst/over
Wizard Rod,1-60,High Needle,90.91,10.0,1.0,11,1.4,1.0,0.6226353745137962,🔵 Spin finish,🔵 Pierde por spin
Wizard Rod,1-60,Level,66.67,8.0,4.0,12,1.5,1.5,0.3906175873976139,🟠 Burst / Over,🟠 Pierde por burst/over
Wizard Rod,1-60,Low Rush,50.0,2.0,2.0,4,1.0,1.0,0.1500357088201714,⚪ Datos insuficientes,⚪ Datos insuficientes
Wizard Rod,1-60,Rush,75.0,3.0,1.0,4,1.33,3.0,0.3006360524426366,⚪ Datos insuficientes,⚪ Datos insuficientes
Wizard Rod,1-60,Under Needle,61.18,93.0,59.0,152,1.115,1.76,0.5325219333033981,🔵 Spin finish,🟠 Pierde por burst/over
Wizard Rod,1-70,Hexa,78.57,33.0,9.0,42,1.24,1.67,0.6405986210195627,🔵 Spin finish,🟠 Pierde por burst/over
Wizard Rod,1-80,Hexa,86.96,20.0,3.0,23,1.1,2.0,0.678721020269818,🔵 Spin finish,🟠 Pierde por burst/over
Wizard Rod,3-60,Ball,64.34,175.0,97.0,272,1.155,1.625,0.5848224197292156,🔵 Spin finish,🟠 Pierde por burst/over
Wizard Rod,3-60,Dot,63.64,7.0,4.0,11,1.29,2.0,0.3537967768916372,🔵 Spin finish,🟠 Pierde por burst/over
Wizard Rod,3-60,Free Ball,71.43,15.0,6.0,21,1.0,1.33,0.5004322617716241,🔵 Spin finish,🔵 Pierde por spin
Wizard Rod,3-60,Hexa,66.67,22.0,11.0,33,1.18,1.55,0.4960758179994997,🔵 Spin finish,🟠 Pierde por burst/over
Wizard Rod,3-60,High Needle,50.0,1.0,1.0,2,1.0,2.0,0.0945286548008661,⚪ Datos insuficientes,⚪ Datos insuficientes
Wizard Rod,3-60,Level,77.78,14.0,4.0,18,1.71,1.5,0.547849735476945,🟠 Burst / Over,🟠 Pierde por burst/over
Wizard Rod,3-60,Orb,50.0,3.0,3.0,6,1.33,1.0,0.1876128068994087,⚪ Datos insuficientes,⚪ Datos insuficientes
Wizard Rod,3-60,Point,0.0,0.0,5.0,5,0.0,1.6,0.0,⚪ Datos insuficientes,⚪ Datos insuficientes
Wizard Rod,3-60,Taper,33.33,1.0,2.0,3,1.0,1.0,0.0614903152761605,⚪ Datos insuficientes,⚪ Datos insuficientes
Wizard Rod,3-80,Free Ball,42.86,3.0,4.0,7,1.33,1.25,0.1582169222626268,⚪ Datos insuficientes,⚪ Datos insuficientes
Wizard Rod,3-80,Orb,75.0,6.0,2.0,8,1.5,1.0,0.4092698791025891,⚪ Datos insuficientes,⚪ Datos insuficientes
Wizard Rod,4-60,Level,50.0,2.0,2.0,4,2.0,2.0,0.1500357088201714,⚪ Datos insuficientes,⚪ Datos insuficientes
Wizard Rod,5-60,Ball,57.89,11.0,8.0,19,1.27,1.88,0.3627555146516011,🔵 Spin finish,🟠 Pierde por burst/over
Wizard Rod,5-60,High Needle,25.0,1.0,3.0,4,1.0,0.67,0.0455860626446362,⚪ Datos insuficientes,⚪ Datos insuficientes
Wizard Rod,5-60,Point,57.14,4.0,3.0,7,2.0,1.33,0.2504542304090258,⚪ Datos insuficientes,⚪ Datos insuficientes
Wizard Rod,5-70,Disc Ball,0.0,0.0,2.0,2,0.0,1.0,0.0,⚪ Datos insuficientes,⚪ Datos insuficientes
Wizard Rod,5-70,Hexa,66.67,16.0,8.0,24,1.13,2.0,0.4670595949408045,🔵 Spin finish,🟠 Pierde por burst/over
Wizard Rod,6-60,Ball,50.0,5.0,5.0,10,1.4,2.0,0.2365895936154873,🔵 Spin finish,🟠 Pierde por burst/over
Wizard Rod,7-60,Ball,80.0,4.0,1.0,5,1.0,2.0,0.3755282641185388,⚪ Datos insuficientes,⚪ Datos insuficientes
Wizard Rod,7-60,Free Ball,100.0,3.0,0.0,3,1.33,0.0,0.4384939195509822,⚪ Datos insuficientes,⚪ Datos insuficientes
Wizard Rod,7-60,Hexa,61.54,8.0,5.0,13,1.38,2.0,0.3552248097226855,🔵 Spin finish,🟠 Pierde por burst/over
Wizard Rod,7-70,Hexa,66.67,8.0,4.0,12,1.4300000000000002,1.165,0.3906175873976139,🔵 Spin finish,🔵 Pierde por spin
Wizard Rod,9-60,Ball,74.48,397.0,136.0,533,1.27,2.045,0.7061686022354574,🔵 Spin finish,🟠 Pierde por burst/over
Wizard Rod,9-60,Dot,71.05,27.0,11.0,38,1.41,1.73,0.5524256173381022,🔵 Spin finish,🟠 Pierde por burst/over
Wizard Rod,9-60,Free Ball,90.91,10.0,1.0,11,1.3,3.0,0.6226353745137962,🔵 Spin finish,🟢 Pierde por xtreme
Wizard Rod,9-60,Gear Flat,37.5,3.0,5.0,8,1.33,2.4,0.136841759461521,⚪ Datos insuficientes,⚪ Datos insuficientes
Wizard Rod,9-60,Gear Needle,83.33,5.0,1.0,6,1.4,1.0,0.4364905634363539,⚪ Datos insuficientes,⚪ Datos insuficientes
Wizard Rod,9-60,Hexa,74.16,66.0,23.0,89,1.27,1.96,0.641968636926015,🔵 Spin finish,🟠 Pierde por burst/over
Wizard Rod,9-60,High Needle,51.72,15.0,14.0,29,1.2,1.5,0.3443073797056916,🔵 Spin finish,🟠 Pierde por burst/over
Wizard Rod,9-60,Level,62.5,5.0,3.0,8,1.4,1.33,0.3057378545838018,⚪ Datos insuficientes,⚪ Datos insuficientes
Wizard Rod,9-60,Low Orb,93.75,15.0,1.0,16,1.07,2.0,0.7167073163197013,🔵 Spin finish,🟠 Pierde por burst/over
Wizard Rod,9-60,Orb,57.14,8.0,6.0,14,1.0,2.0,0.3259026690286936,🔵 Spin finish,🟠 Pierde por burst/over
Wizard Rod,9-60,Taper,66.67,4.0,2.0,6,1.5,2.0,0.2999883213415286,⚪ Datos insuficientes,⚪ Datos insuficientes
Wizard Rod,9-60,Under Needle,100.0,8.0,0.0,8,1.0,0.0,0.6755843804891231,⚪ Datos insuficientes,⚪ Datos insuficientes
Wizard Rod,9-60,Wedge,65.0,13.0,7.0,20,1.31,2.14,0.4328505102194647,🔵 Spin finish,🟠 Pierde por burst/over
Wizard Rod,9-70,Low Orb,56.25,9.0,7.0,16,1.44,1.43,0.3317819560677652,🔵 Spin finish,🔵 Pierde por spin
Wizard Rod,9-70,Under Needle,60.0,3.0,2.0,5,1.0,2.0,0.230719932208837,⚪ Datos insuficientes,⚪ Datos insuficientes
Wolf Hunt Heavy,5-60,Level,42.86,3.0,4.0,7,1.67,1.0,0.1582169222626268,⚪ Datos insuficientes,⚪ Datos insuficientes
Wyvern Gale,3-70,Gear Needle,66.67,2.0,1.0,3,1.5,1.0,0.2076549551264878,⚪ Datos insuficientes,⚪ Datos insuficientes
Wyvern Gale,9-60,Dot,50.0,2.0,2.0,4,1.5,3.0,0.1500357088201714,⚪ Datos insuficientes,⚪ Datos insuficientes
Wyvern Gale,9-60,Gear Ball,71.43,5.0,2.0,7,1.4,1.0,0.3589290901482126,⚪ Datos insuficientes,⚪ Datos insuficientes
Wyvern Gale,9-80,Dot,50.0,4.0,4.0,8,1.5,1.5,0.2152125268244419,⚪ Datos insuficientes,⚪ Datos insuficientes
Wyvern Hover,1-60,Hexa,66.67,4.0,2.0,6,2.0,2.5,0.2999883213415286,⚪ Datos insuficientes,⚪ Datos insuficientes
Wyvern Hover,1-60,Low Rush,60.0,6.0,4.0,10,1.17,1.5,0.3126695474501863,🔵 Spin finish,🟠 Pierde por burst/over
Wyvern Hover,1-70,Low Rush,50.0,5.0,5.0,10,2.0,2.2,0.2365895936154873,🟠 Burst / Over,🟠 Pierde por burst/over
Wyvern Hover,4-50,Low Rush,75.0,6.0,2.0,8,2.0,1.5,0.4092698791025891,⚪ Datos insuficientes,⚪ Datos insuficientes
Wyvern Hover,6-60,Kick,60.0,6.0,4.0,10,1.83,1.5,0.3126695474501863,🟠 Burst / Over,🟠 Pierde por burst/over
Wyvern Hover,7-60,Kick,30.0,3.0,7.0,10,0.33,0.71,0.1077892874862118,⚫ Alta tendencia a perder,🔵 Pierde por spin
Wyvern Hover,7-60,Level,52.63,10.0,9.0,19,1.6,1.33,0.3170748251182511,🟠 Burst / Over,🔵 Pierde por spin
Wyvern Hover,7-60,Low Rush,0.0,0.0,3.0,3,0.0,2.0,0.0,⚪ Datos insuficientes,⚪ Datos insuficientes
Wyvern Hover,9-60,Jolt,63.64,21.0,12.0,33,2.0,1.67,0.4661587262153409,🟠 Burst / Over,🟠 Pierde por burst/over
Wyvern Hover,9-60,Kick,60.81,45.0,29.0,74,1.87,1.76,0.4941931053499984,🟠 Burst / Over,🟠 Pierde por burst/over
Wyvern Hover,9-60,Level,50.0,2.0,2.0,4,1.0,1.5,0.1500357088201714,⚪ Datos insuficientes,⚪ Datos insuficientes
Wyvern Hover,9-60,Low Rush,54.05,20.0,17.0,37,1.65,1.53,0.3838377952476737,🟠 Burst / Over,🟠 Pierde por burst/over
Wyvern Hover,9-60,Rush,64.2,52.0,29.0,81,1.75,1.41,0.5333285955888399,🟠 Burst / Over,🔵 Pierde por spin
Wyvern Hover,9-70,Low Rush,66.67,4.0,2.0,6,1.75,2.5,0.2999883213415286,⚪ Datos insuficientes,⚪ Datos insuficientes
Yell Kong,9-60,Orb,40.0,2.0,3.0,5,1.5,1.67,0.1176182311592532,⚪ Datos insuficientes,⚪ Datos insuficientes
